Map,Points,CountOfFinishes,CountOfFinishers,TotalTimeInMap(Sec)
Flappy Bird,0,32642,12959,241265305.58
Kobra,4,54203,18747,146347773.2
Kobra 2,3,50397,17686,105282612.68
Multimap,3,33465,12927,92031619.84
Kobra 4,4,34313,11707,91012493.74
Epix,4,32901,16451,61597894.86
Just2Easy,1,86788,34808,44242964.78
Absurd 4,4,27543,12059,43997436.0
Kobra 3,4,14522,7391,42480848.38
Purple Panic,8,24137,9957,39863813.5
Baby Aim 1.0,13,12517,5557,26898958.3
Light Grey,3,14120,9136,26118446.18
Icebreaker,4,9881,6430,23928696.88
Absurd 2,3,23879,12950,22127089.54
Baby Aim 2.0,15,11599,5243,21792788.94
Monster,13,14930,6071,20030240.7
Sunny Land,9,4510,3423,20021802.4
Seasons,1,18862,11188,19023611.14
Baby Aim 3.0,15,6545,3378,18300137.3
ZeroX,2,16298,9764,17365562.34
Introduction,2,18084,10742,17321898.14
Pados 2,3,9012,6398,17219993.32
Fly to the Moon,12,4818,3046,17020216.02
Houll,3,14434,9126,16948335.9
Naufrage 2,24,3241,2172,16608778.7
Nostalgia,21,4253,2257,16531555.58
Planet Mercury,4,12835,7807,15990750.64
Thor,3,9666,6974,15972467.88
Dark Moon,3,11228,7376,15648187.14
Camouflage,3,26352,13991,15455010.34
HookThrough3,11,18592,7219,15296780.74
CandyLand,1,18391,10876,15264785.42
Goo!,4,12847,7551,15091550.9
Race_Sanktoras,4,7772,5306,14970574.66
Naufrage 3,24,2033,1505,14469280.06
4Nubs,1,29194,16348,14244148.32
Hookthrough,7,18832,9320,14114550.36
Noo!,9,7420,4804,14043842.4
Empire Desp,5,9808,6301,13973807.54
StepByStep,1,41019,18717,13942270.82
Planet Mars,4,6827,5037,13847921.7
For Idiots 1,2,18289,11315,13829674.2
Ovell,3,8084,5647,13780931.68
Purple Panic 4,11,4700,2898,13733592.78
AiP-Gores,6,18731,8928,13623635.18
run_guy_25,8,11384,5188,13333998.04
Seagulls,5,8004,5550,13207566.12
BlueChaos,4,15029,8892,13180524.36
newbee,2,21234,11345,12952241.44
Hoo!,4,20200,10793,12922188.96
Purple Panic 2,8,6729,4232,12760148.44
Threll,3,7046,5086,12544600.72
Neverwhere,15,1274,1072,12526233.74
It's Easy,2,21553,12715,12324780.56
MonkeyDream,7,10667,6744,12322712.88
Kindergarten,5,5021,3727,12248778.54
Kaylite,4,9154,6313,11809295.52
benrace,3,7771,5325,11715716.2
Pados 1,1,14058,9669,11473570.54
Tropica,9,4706,3165,11419204.3
Coffee I,7,8302,5498,11083410.42
[School] Hook,2,16381,10144,11029070.56
Jungle Camp,5,6846,4652,11005897.3
Shadow,5,6141,4448,10958295.04
(wasntme),4,9633,6144,10913167.04
Island Rush,1,11673,8309,10817274.02
Tiny Tandem,3,14988,9438,10628924.76
Naufrage,21,2803,1903,10580820.52
Cup of Tee,7,9481,5646,10537000.66
xyz_ddrace2,3,11542,7365,10350997.84
Red Avenue,13,2204,1626,10258035.64
For Idiots 2,2,12450,8104,10255475.64
Joyride,4,22127,10411,10253643.8
Killa 3,5,5667,4289,10205435.9
Next Grey,9,5622,3380,10163528.48
Planet Venus,5,2883,2347,10051746.36
Pale,4,9810,5698,10020187.7
Cartoon,4,12074,6864,9912143.42
Absurd 1,3,10670,7153,9738880.6
Psyll,3,6839,5041,9721086.68
Supernova,18,3741,2199,9655962.02
Sopella,3,11224,7307,9574000.68
Bullets,3,15717,9227,9483496.78
Pados 3,3,6831,5251,9353302.24
Easy 1,2,15920,8979,9288580.02
Skillz 4,4,5617,4192,9226243.6
Senani,5,5968,4409,8936951.5
The Shire,9,4120,2966,8892606.74
Care for your Time,4,10909,4675,8733033.5
Vizur,4,9109,5842,8625872.02
Gold Mine,1,32483,16790,8611483.36
Sunlight,3,20165,11277,8567033.58
[School] Hammer,2,10895,7294,8470090.74
Stronghold,18,4621,2426,8348633.3
Basics,1,16559,10696,8332515.62
Dry Lagoon,5,4829,3502,8239492.88
Chicken Pie 2,5,4632,3367,8230511.88
MagiK,5,3969,3025,8198472.98
Samsara,10,8473,4848,8133605.98
Stronghold 2,21,1798,1218,8013497.54
FWYS 3,12,2977,2329,8004277.96
TheVoiD,8,3072,2349,7975206.74
Caventure,10,12121,6757,7904658.42
Awayst,7,4561,3536,7872131.18
Banta,3,6049,4241,7842535.74
Fluff,3,13923,9159,7810978.46
Xolla,5,4884,3673,7775191.22
Skillz 1,3,6393,4884,7645592.08
Teleport,3,8410,5689,7560362.78
Cool,4,13506,8098,7537947.42
FWYS 2,12,3068,2428,7515139.74
A World Beyond,18,1806,1373,7510686.1
Absurd 3,5,7332,4976,7467646.82
Skillz 2,3,7604,5636,7403072.2
Pharice,9,3471,2601,7282362.78
Desoxyribonukleinsäure,13,3277,2276,7258908.78
GeRollA,3,5556,4247,7250287.86
42,8,5386,3723,7125270.24
0 KBeeeR S - 1,8,4214,2931,7057010.08
Cuboid,3,11795,7112,6980089.82
Underworld,8,2977,2235,6975384.56
Noovice!,7,2951,2316,6972801.34
Chevtzo,13,1108,957,6852755.88
Coffee II,7,5658,3991,6701862.18
Lygerastia,9,2017,1714,6661074.28
Desert Pain,8,4485,3217,6641241.14
Amor 1,6,4349,3335,6616525.78
Pale 2,4,5625,3949,6532308.62
TeeWorld,3,10374,6968,6516739.22
Top 1,2,13053,7762,6475520.5
Kopell,7,4071,3180,6470509.18
Ice Water,3,11103,7345,6439387.22
Water Lily,1,23049,12643,6431570.16
Skillz 3,3,4943,3773,6422116.2
tihid,11,1999,1589,6382330.16
Koule 7,4,4144,3151,6256365.74
Mirage,7,7887,4720,6249566.2
Amor 2,6,2458,2008,6204854.84
FWYS 4,12,1165,1025,6141459.18
IronMan,3,6543,4922,6086855.46
Toxic,12,2267,1840,6059305.14
Madness 1,6,2608,1888,5970668.86
Troj,6,2727,2319,5952673.34
Skychase,20,3793,2062,5888401.14
Absurd 5,3,5925,4015,5847916.3
Hookthrough 2,11,3971,2774,5841928.98
Grandpa,18,2652,1774,5792961.02
Bixnet,8,3425,2673,5735349.36
Halloween Night,2,13064,8672,5713400.38
Caventure II,15,4891,3302,5666005.44
Purple Panic 3,11,2427,1944,5635195.66
Mini Zero II,4,7729,4271,5630577.94
Flying in the Sky,18,1863,1411,5620224.62
GlassBox 2,2,14052,9755,5614281.3
Top 3,3,5216,3988,5562734.82
Spüli,3,8035,5607,5520084.02
OldschoolAdventure,4,2587,2087,5479596.04
Pisull,7,3740,2910,5443968.7
1TeeMap,6,3651,2725,5439016.7
Boo!,13,2458,1964,5408037.88
Skillz 6,5,3161,2396,5335355.86
DaMap 2,8,3810,2914,5268259.2
FlipLipp10,12,4171,2513,5233750.12
Josen,6,1850,1566,5219970.84
Deeve1,8,3349,2637,5210842.16
No_Stuck,4,12936,7753,5165227.56
nullptr,18,1860,1214,5158446.66
Just Fly 1,6,9744,5175,5127736.1
Koule 3,1,5661,4220,5120810.56
Samsara III,15,3380,2257,5095443.08
SunDay,9,1887,1549,5054123.52
Lonely,3,7281,4896,5010510.94
mainstream,9,1273,1101,4961691.82
Blue Sapphire,5,5604,3903,4909692.4
Koule 5,1,5803,4575,4902501.22
Daunell,11,1075,959,4880114.34
Rainboom,8,1787,1493,4824515.44
Dream 2,8,2341,1925,4756004.04
Afternoon,13,1595,1349,4739477.06
Barren,21,2293,1062,4700580.32
Icy Morning,12,3001,2370,4693483.0
Caventure IV,15,5226,3397,4687873.14
SkiLLz,11,1834,1491,4676433.52
DeadEnd,16,1047,927,4654909.18
Kiko,13,1201,1049,4649247.84
The East Desert,11,1825,1410,4640356.74
Bob,9,3143,2294,4631770.38
Chill Let's Climb,8,2256,1653,4612018.72
Jvice,9,2230,1861,4576838.54
Koule 1,1,5673,4380,4569698.02
DetrimentalFactor,4,5034,3834,4561689.12
SpaceIsKey,4,5270,3798,4537545.42
Maui Wowie,4,6564,4622,4525292.56
DeathHook,11,4523,3056,4501891.94
Rivendell,11,1809,1509,4467533.18
bBzZ!!,12,1754,1480,4462260.6
Binary,34,178,115,4458803.64
The Beginning,9,1697,1346,4444355.08
Cross,13,1030,910,4438385.66
Little Forest,4,4283,3227,4429167.32
Destruction,15,1858,1125,4403794.24
Sky line,8,3238,2513,4382173.68
Wonderland,15,3669,2306,4376951.54
Skillz 5,4,3507,2560,4368226.6
Slime,7,3169,2472,4352800.62
Rovo,12,1750,1485,4352219.56
MonkeyDream 2,9,4058,3094,4347586.62
Grandma,18,639,532,4310552.84
0 KBeeeR S - 2,8,2075,1649,4308617.88
X-Cross,8,2740,2269,4298008.28
Piranha,9,1882,1472,4287494.26
rizek,7,3840,2811,4286699.2
Between the Mountains,18,1405,1094,4239971.26
Koule 4,1,3741,3106,4227904.08
Pharice 2,11,1805,1284,4207067.88
MiddleFinger,9,2535,1995,4186668.42
P2Z_Soar,11,2422,1961,4167730.48
NiggoDrag,13,956,860,4167266.98
Planet Jupiter,7,2180,1890,4142437.76
84,8,2849,2268,4137709.5
Universe,12,930,828,4137572.42
Colors V2,12,2336,1897,4133470.54
Dummy Chamber,10,10179,5256,4106766.76
KitKat 1,8,2232,1735,4092526.64
SunDay 3,15,670,597,4070707.94
Hardcore 3,12,929,772,4065633.82
Nucl,18,914,614,4023170.92
DaMap,8,3831,3029,3997043.08
Brick World,8,3067,2520,3988493.78
High Five,9,1864,1514,3986479.8
Hardcore 1,6,2540,1973,3981555.24
Madness 4,12,1348,1115,3968505.54
Winter Dream,8,2509,2062,3964486.94
Im No Superman 2,12,1213,1000,3962494.86
Etna_1,9,3305,2615,3960935.34
NightSky4,13,2426,1904,3959157.66
RON,15,3592,1844,3947712.78
GlassBox 3,2,10858,7820,3922250.72
Take it noobly,2,11776,7473,3918608.74
Castle Lemongrab,11,1150,996,3915680.02
P2Z_Crungle,9,2595,2099,3903884.64
Outbreak,7,3119,2496,3894542.96
Simple World 2,9,1131,1013,3867973.7
Sundara,15,1477,1179,3865196.4
skynet compilation,16,465,440,3864918.04
Greed,15,1936,1462,3820996.94
Batman,3,8672,5831,3820132.46
Offpanic,18,823,655,3819563.0
Dragonscale,16,984,816,3802213.14
FWYS 1,12,2044,1758,3787799.74
Arcade 2,12,1087,942,3780863.82
Vizur 2,7,3506,2672,3780326.04
double up,8,2233,1822,3774377.6
Just Rocketfly 1,15,3365,2106,3751705.8
NightSky2,11,2468,2028,3749373.34
Weapons,7,1939,1564,3740845.08
Aim 10.0,27,902,604,3719158.66
MonkeyDream 3,13,1394,1178,3718966.88
HDP_Obstaculos,6,1191,1091,3700344.3
Lowcore,2,12449,8323,3699666.24
Four Gates,16,866,778,3690295.46
WTF,4,5487,2877,3656314.02
Sand Dune,24,1070,805,3649626.18
HDP_Run2,8,2280,1605,3638589.94
lost_castle,18,1714,1318,3635377.42
Gibson,13,1323,1106,3625692.76
Warch Comp,6,918,828,3622135.2
Summer Breeze,12,2078,1479,3603175.08
The Bunker,11,1154,988,3600549.04
Milthrid Core,27,872,547,3572417.56
Maui Wowie 2,4,8320,5334,3563636.32
Yin&Yang,8,1793,1474,3559273.04
Back in the days,24,740,618,3522107.08
Killstreak 1,8,11500,5581,3512657.66
Ray - 1,12,2008,1731,3511178.8
2 easy for u,9,961,884,3482080.42
Petrified,3,5016,3900,3475637.62
Joyride 2,8,7861,5242,3469969.92
Hardcore 7,18,973,829,3451162.06
Sorrow,3,6251,4712,3442935.92
3way,8,1163,1042,3421169.18
At Night,20,669,590,3396823.82
Looney,4,8104,5233,3395072.96
Justix,9,2733,2217,3384636.0
DaFuQ,8,4048,3143,3380971.88
Galaxy Turn,7,2453,2118,3379169.98
GlassBox 6,2,7921,5923,3377136.22
Stoned. 2,18,1477,1220,3364431.68
Tricktee,15,1126,857,3356743.44
Madness 2,12,1392,1136,3318328.78
Entei,13,1923,1471,3316647.46
Derpy 1,8,1124,1013,3300869.24
Simple World 3,11,1304,1157,3293830.96
Madness 3,12,1211,983,3290738.58
Fresh,6,1857,1526,3290117.26
Atticus Compilation,6,921,844,3289953.72
Try Again,9,2226,1834,3272774.82
Careless,5,6303,4453,3271139.28
NightSky,11,1672,1438,3260453.4
Empty,15,841,735,3254154.68
Hollow 2,7,1965,1740,3229407.5
GreenAde,2,6028,4665,3219723.22
Minimum,13,911,802,3200793.02
Eternal 2,15,594,536,3188967.48
Homesick,5,4146,3260,3183471.52
Madness 5,16,1069,905,3162058.7
Hell 1 V2,12,1260,1118,3119980.44
Aim 5.0,24,653,555,3105558.9
Equestria Girls,8,2069,1771,3094063.62
Dream 1 V2,8,1289,1137,3093508.08
Geneque,4,3361,2131,3091039.38
Back in Time,27,384,324,3083921.18
Back in the days 2,24,497,415,3077213.48
Spooky,11,685,624,3073093.84
Snowy Mountain,13,1200,971,3053647.82
Intense 1.0,7,2930,2136,3051513.18
Autumn,8,1707,1411,3045072.76
Lockdown,27,386,281,3043043.64
Moon of the Jungle,12,970,863,3017657.08
Caventure III,15,3418,2606,3010426.9
Insanity,12,933,813,2997714.5
WoFs,18,272,259,2996518.9
The Trip,11,1429,1230,2992163.48
GlassBox 7,3,7453,5616,2985472.76
Request,9,2156,1615,2983496.82
Escape from the Prison,15,1516,1164,2950918.18
Shaxx,8,2454,1997,2936004.72
Google,12,942,839,2922545.82
GlassBox 5,2,6995,5435,2920435.16
Chill Let's Climb 2,8,856,738,2919898.2
Cleopatra,13,583,514,2903210.96
Hardcore 2,6,2320,1642,2893314.9
Undrag2,3,4899,3604,2888050.7
Forgotten Lands,15,1508,1193,2883294.04
CCrush,8,1399,1182,2877389.42
Snowy Sakura I,12,1328,1149,2860764.7
MCPV,12,2414,1962,2853726.04
Blue Sky,8,2548,2096,2846359.16
Tech,15,3301,2235,2842673.8
Solo_Mietzcore,16,431,318,2834620.86
Twix,9,1127,993,2800822.18
Fairy Land,8,1255,1152,2795654.44
Darkvine,15,2906,1653,2771016.28
Holiday Adventure,13,1081,940,2764463.92
4 NoooBs,7,4187,3263,2758276.62
Kobra 2 Solo,8,4375,2969,2756841.2
Chaos Factory 2,8,1231,1057,2752128.96
Eternal,13,1094,933,2747534.42
Zadrotos 2,12,652,611,2745680.64
Snowzz,12,1028,895,2743601.52
Magnitude,11,2375,1766,2733769.14
DeathClaw,20,443,412,2713546.98
Deep Forest,18,869,759,2680999.18
Samsara II,15,2351,1895,2677569.14
Dubush,13,1068,854,2677173.44
SpongeBob 1,8,1548,1336,2664411.12
Halloween,16,1194,1048,2661707.2
Spallok,4,4829,3059,2659138.18
WallJump,8,4358,2615,2644037.96
Green Race,9,1962,1577,2643774.88
Raid,4,4990,2845,2640159.52
Heaven,9,1528,1327,2636412.9
LazeAround,15,871,767,2594350.0
Rogue World,18,674,551,2592889.0
ClassicMonkez,24,533,491,2579908.82
Hulk,4,4532,3540,2566961.82
QuintessenZ,24,292,251,2563473.3
Wailand,18,769,651,2552984.02
Hell 2,13,993,897,2547214.46
faye,7,1205,1085,2546303.32
Drain-Age,4,2885,2365,2534965.96
NUT Hardcore UNITED,12,344,308,2527980.42
GlassBox,3,5737,4375,2519399.16
Neon 1,13,517,483,2518820.6
Generica,27,511,424,2500663.18
Back to the Roots 2,4,3345,2840,2498069.34
Aviate,21,682,587,2463228.36
Space & Time 2,21,430,399,2453445.34
Everdeen,21,424,361,2446069.88
Dummy Chamber 2,10,4576,2921,2440624.8
TakeUrLuggage,15,2433,1834,2430901.24
Future_Race,5,7859,4712,2425091.76
4Four,21,284,273,2423474.92
Axom,8,2406,2019,2407525.5
Climax,15,683,611,2406441.1
Difficult 1.1,12,1225,955,2400014.64
Out of Castle,24,409,351,2394882.7
Bomb Raid 2,15,2611,1567,2388712.16
Humpalumpa 2,13,582,530,2383486.22
Drag-House2,8,1604,1375,2380833.66
Circle,13,561,488,2377076.0
himmel,6,2090,1866,2372308.0
Simple World,9,946,874,2362214.88
Zoroark,11,1768,1474,2352597.0
Against the Current,11,3121,2390,2350694.2
Zonsa,20,1078,819,2348792.44
Swoosh,13,635,568,2344988.08
Generic Hell,18,445,394,2343041.16
mario(=D),8,4620,3405,2340745.62
Scabrous 2,20,463,432,2339303.82
Exit,9,1882,1567,2336006.5
Plue,9,1353,1101,2332298.14
ATLAS,8,1218,1054,2326707.36
Forest,12,1397,1232,2324960.06
BSWL,8,1780,1496,2319160.2
KeeZ,13,1092,945,2308730.08
DayLight,8,2913,2062,2306095.08
DreamWorld,18,641,588,2303634.28
Aim 6.0,24,554,424,2303013.66
Nujabes,11,718,644,2300483.14
TowerOfDesperation,13,632,565,2297454.7
Ravillion,38,309,126,2291625.16
Zoe,18,712,570,2287727.2
Pandaland,8,1378,1198,2280959.54
Difficult 2.1,12,879,681,2276494.54
Hardcore 9,18,883,806,2276379.84
Hell Ride,12,944,836,2273954.64
Chaos Factory,8,1865,1590,2267609.92
JustCopyFly,10,3043,2268,2267098.66
Cigarette,12,1004,907,2249006.86
GlassBox 8,5,4235,3378,2247280.28
S-Race 1,8,2271,1690,2245692.56
Death Sentence 2,15,662,592,2236813.8
DayDrive,7,2573,2067,2235913.58
Evo 1,12,1189,1060,2220891.48
GlassBox 4,2,8650,6057,2218579.46
Miracle,12,621,472,2217767.74
HellGate 3,8,1712,1382,2214099.44
Flux 2,18,873,607,2211342.92
Divided,12,1147,970,2210054.82
Kobra Solo,8,2671,2031,2206024.54
Koule 2,1,5707,4218,2194572.96
Peaceful Jungle,9,1046,927,2165651.96
Peaceful Jungle 2,13,762,695,2157972.7
Earthborn,11,1848,1499,2156142.58
Pizza,13,1304,955,2155286.4
Impossible 2,12,1060,923,2148446.08
SunDay 2,15,465,434,2140419.86
Teestar,6,1224,1087,2137117.24
StoneHell-Gores,6,3099,2353,2134324.26
KitKat 2,8,1501,1285,2120976.76
Stargazing,9,1411,1157,2118147.56
Temple of Doom,15,506,448,2115063.8
Flux,18,1067,748,2092233.16
Creative,16,971,800,2087987.98
VeryLow1,16,722,667,2081071.64
piViq,11,985,854,2070687.06
Aim 9.0,27,449,352,2057385.66
Infinity,18,523,479,2056924.58
Arcade,12,889,807,2056421.88
The Swamp,15,375,331,2053349.02
Construction I,15,552,492,2043737.3
Potty,21,375,326,2041818.88
[SI] AVADA,9,2914,2104,2040469.06
Aim 7.0,24,784,583,2038237.5
Springlobe 2,27,292,265,2034414.68
IronFlight,16,546,489,2028203.44
Lost Castle,16,527,484,2026850.86
Blue Drag,21,646,572,2024856.54
Chicken Pie,2,5303,4116,2024308.58
Jumanji,15,529,480,2024269.38
Limitation,11,869,787,2024110.28
Rollercoaster,4,5448,2230,2024083.18
NightSky3,11,1558,1319,2015893.42
Dead,15,569,519,2009722.28
Generic World,34,86,80,2009017.02
HellGate 2.5,8,1133,1045,2001671.82
NoMore! 3,21,351,320,1997888.32
Karaboudjan 3,21,398,363,1994355.42
Michler,12,589,544,1993727.24
Yun Gu,15,1146,702,1992797.44
Lost 2,18,352,329,1982186.38
Blue & Yellow,8,1744,1541,1980493.24
Castle of Glass,8,1757,1509,1978052.2
IMA NINJA,12,1107,788,1977973.14
Orange 1,6,2651,2092,1977360.7
Freeze Slow 1,6,988,911,1972086.58
Reach Pluto,12,1210,1074,1965407.7
pepsi,12,823,753,1963864.7
Red & Orange,4,3710,2996,1960540.54
lemonland,16,529,473,1955555.22
Executive,20,380,349,1951214.48
Unlimited,12,729,667,1949806.9
Diamond Mine,4,4020,2596,1946355.84
Biome Master,18,1812,1367,1936848.42
Hyper,11,1579,1354,1935100.26
CrashTV,12,1012,726,1930456.5
Back to the Roots 1,4,2503,2130,1925262.5
Underground,18,791,737,1923196.7
Time to Switch,21,350,274,1914782.8
Experiment,8,979,869,1913476.12
Wave,24,337,262,1913179.38
Rayquaza,13,685,633,1910792.46
Castle Mario,13,753,605,1909316.26
Hardstyle 1,12,668,629,1908670.08
Falling Star,18,277,255,1904041.76
Stellar,10,3811,2191,1903861.4
Freeze Slow 2,6,782,717,1901117.88
Genesis,8,2025,1769,1897717.48
Hardcore 5,12,738,646,1892981.44
Stronghold 3,24,348,295,1891746.8
[SI] INSTINCT,9,1529,1314,1889753.24
Aequilibrium,15,552,516,1880604.26
HearTcross,20,358,315,1865502.36
Equalize!,12,924,851,1860645.38
Emerald,13,676,597,1858944.26
Back in the days 3,24,221,197,1856222.78
Midnight,15,529,468,1854532.28
Clarity,7,3000,2250,1849637.14
Night Jungle,16,467,437,1849592.28
WoodDivision V,27,288,210,1847725.98
HDP_run_gay25,12,893,730,1845781.46
HellGate 3.5,9,1341,1183,1841738.68
Indicud,21,541,471,1834378.94
Aim 8.0,27,388,277,1828854.7
Imposand,13,1353,1074,1825909.12
Plan B,11,950,848,1822382.7
Easy Edge,13,1714,1397,1821257.5
Aim 11.0,27,437,324,1818740.9
Lime,8,1388,1217,1816922.68
Hardcore 4,6,895,762,1811793.02
Dizzy,7,4074,2820,1807193.42
Short Flight,13,1085,931,1803646.22
Goldmoon,18,619,547,1802734.06
Bercy,12,851,765,1799296.28
DoT,16,665,585,1798635.6
Brown,13,541,494,1797851.78
HellGate 1,8,1142,1008,1796453.18
Brownie,16,786,692,1793517.86
.Background',12,929,859,1789562.4
Mini Zero,4,2649,1947,1788188.32
0 to 100,13,855,779,1787609.76
Brick World 2,8,1987,1653,1764765.56
Bizarre Untold,27,276,193,1764715.46
HellGate X,13,462,431,1750540.56
DeadCore 3,18,286,267,1744949.54
Intense 2.0,11,884,746,1743734.88
SpongeBob 2,8,573,533,1734859.98
The Problem,13,735,660,1734110.68
3Play,13,504,471,1732276.46
Jailbreak 3,6,705,638,1729492.9
HDP_OnOff,4,3606,2396,1726150.4
Everest,4,3035,2499,1725153.76
R2D2,8,735,670,1724776.08
Anaphore,4,4042,2627,1724670.4
Downhill Jam,15,3795,1979,1722859.9
Just deep fly,25,581,380,1722172.46
Jailbreak 1,12,538,494,1721697.46
Fonders,18,488,431,1720558.44
Confusion,20,379,344,1715446.26
Professional,18,583,528,1715318.38
Stoned.,18,694,618,1714564.94
Flow,21,365,334,1714314.52
JustMap,12,1440,1276,1702779.82
Gloomy Den,24,152,143,1699651.76
vitaminC,4,1924,1682,1698799.42
LATOM,16,940,818,1696850.54
Sadway,18,323,302,1691227.62
[SI] LAVITA,9,1084,925,1689588.66
Bootcamp #2,11,858,705,1686308.44
Hyper 2,11,1272,1044,1680884.36
Creepeez,12,1161,1034,1680443.68
Resoren,11,661,599,1679492.98
blue-mountains,16,524,410,1679084.88
Behind the Darkua,18,532,473,1678030.76
WinterMine,12,642,585,1677798.66
Zadrotos 1,12,757,673,1676825.82
Miper 5,6,599,551,1671893.5
secreT,8,1552,1327,1666223.56
Frats 3,12,856,771,1665242.04
Crystal Maze,13,1036,803,1663145.7
Core,4,3742,3048,1658258.22
Miper 3,6,1129,1026,1653299.94
Holy Key,18,769,666,1652184.68
GreenDream,12,1496,1332,1643714.96
Explosive,12,422,364,1639884.2
Skave,18,545,475,1637221.08
Mud,4,18975,6807,1634811.32
o_O,8,932,869,1633796.58
Broken hammer,10,1699,1130,1632383.58
Hope 2,16,1054,950,1630289.24
JungleRabies,25,545,414,1626641.8
M&M,18,332,299,1624825.5
Hollow,9,890,833,1622264.14
RockBlock 1,8,2000,1700,1621702.34
Koule 17,21,373,332,1619295.66
Into the Wild,24,231,204,1618242.78
At Night 2,27,279,255,1611928.22
Miper 4,6,804,728,1605536.38
1of4,8,4066,2955,1601771.98
SpongeBob 3,9,1063,946,1596816.44
HellGate 5,12,835,759,1596023.72
Escape,12,1707,1111,1587622.44
Deadline 1,16,283,272,1584607.28
SorGores 1,4,15642,6808,1584268.32
HeyYa,8,1176,1066,1583444.28
Freeze Slow 3,6,598,559,1578396.8
Determination,18,660,559,1573205.08
Retro 0,4,1248,1113,1563292.04
Exalate,12,386,312,1561564.58
MicCore,16,403,386,1560956.34
Dark Descent,27,122,110,1553737.1
Wasteland,21,422,369,1550413.86
skynet10,8,634,589,1536961.9
2of4,8,6151,3786,1521000.88
Injection,25,462,330,1519466.88
Heroic,8,1990,1667,1507989.38
AreaOfEffect,16,553,493,1507338.0
Journey Man,27,201,188,1506001.02
Solo Future,12,567,397,1503237.88
brainbase,8,935,823,1502754.8
Encore,12,1474,1090,1502612.3
Drag-House,8,848,750,1490447.82
Cavings I,9,1063,948,1489518.2
Exchange,12,991,688,1485064.6
Dawn To Dusk,15,428,409,1484643.64
Fucktastic,12,408,369,1482908.2
Synergy,12,327,314,1480866.94
SilentNight,8,1215,1084,1478199.9
Challenge,13,433,409,1477890.62
ttgtgttg,18,628,478,1467226.12
Let's Fail!,15,960,839,1462809.74
lovely me2,12,553,499,1451479.6
Intothenight,15,778,677,1448102.9
AK,13,339,300,1447580.94
Past,13,641,573,1444469.78
Dawn Of The 7th Day,21,431,367,1444289.44
Hell-time,8,2774,1946,1441844.84
Runaway,24,231,200,1441463.5
Bubbles,13,326,308,1441151.8
Aim 4.0,24,562,440,1440308.76
Rapture,13,489,459,1439501.74
Broken brain,16,697,396,1439001.66
In Da House,21,325,313,1433741.68
himmel 2,6,913,818,1430018.92
Want_a_Cookie,8,2240,1904,1427481.8
Dark Rainbow,8,1072,974,1424497.38
Rainbow Sunrise,13,469,426,1424002.1
Xeno Race #1,12,1665,1443,1423122.24
Springlobe,24,372,328,1422824.24
The Space Station,4,4094,2654,1410347.32
Nirvana,18,265,252,1410279.18
Injection 2,25,481,370,1406777.0
Tibto,12,308,291,1404369.14
Zadrotos 3,12,374,352,1399825.6
Fly Around,21,396,285,1384944.84
At Sundown,27,160,115,1384238.68
illusion,16,1059,945,1384210.74
MojoJump,8,1701,1190,1383301.04
Retro 1,4,1680,1502,1381009.76
Bootcamp #1,13,554,464,1379963.7
Frats 1,12,907,837,1376985.8
HURT,15,695,645,1374035.3
Bittersweet Sunset,12,507,400,1371281.14
Hope,16,941,840,1368721.44
Plan C,11,775,672,1352787.78
Grey 1,4,4265,3311,1349741.7
Something,24,279,242,1348387.26
Maroon,8,958,853,1347481.38
Aim 1.0,24,481,405,1345695.96
HDP_Zinderencio,6,1576,1153,1343989.72
Threesome,24,185,154,1338166.1
Reality,16,859,737,1337041.14
Dynamic,21,383,342,1335552.36
Diamond,12,927,826,1324261.22
Xabier,11,674,622,1324240.72
Just Rocketfly 2,20,735,533,1322422.64
skynet2,4,2225,1884,1322398.74
Jailbreak 2,12,584,524,1320155.64
4of4,8,5252,3363,1316824.28
Silk Touch,13,934,713,1312902.56
Rockstar,27,140,124,1311264.12
Hardstyle 2,12,595,557,1308512.02
Good Ol' Days,18,770,674,1304838.3
Level Asian,24,263,238,1301801.08
Pathway,4,3608,2914,1297900.16
Captain America,9,992,881,1289826.38
Scabrous,21,513,487,1286301.42
Myth,12,429,398,1284151.94
Brony,11,717,665,1281630.58
HellGate 1.5,8,997,906,1280679.82
P2Z_DeadlyJungle,11,813,723,1277086.68
Increase,30,238,162,1274181.8
skynet1,4,3084,2503,1272807.32
DatWay,12,1203,771,1271433.24
S-Race 2,12,839,723,1270228.58
Slim,12,690,633,1261974.94
Don't Panic,24,288,274,1259554.88
Nasa,16,744,631,1258042.08
Aim 2.0,24,399,374,1254812.48
JLI 1,8,918,846,1254721.86
JetPack,4,1690,1493,1254571.6
Tube,15,555,514,1252566.76
Desert Wolf,18,261,231,1252121.88
P2Z_Island,13,536,485,1250632.68
SonQuery,12,800,567,1248950.9
Tribute 1,12,971,888,1247751.68
Death Valley,21,670,611,1241209.0
After the Cataclysm,8,2503,1361,1240194.48
Grey 4,4,4402,3414,1235447.44
MorningStar,8,1991,1262,1228539.02
Anoix,27,119,113,1227783.14
SimplePlay 3,5,5655,3720,1218223.96
Frats 4,12,642,604,1216472.5
Conscientious,13,674,558,1215250.92
Peaks,8,1674,1461,1212345.22
Dummy Chamber 3,15,2469,1272,1211258.68
LuckyStrike,18,511,431,1211034.54
Pathway 2,4,3717,2929,1209110.22
NightRunner,16,572,515,1208902.26
run_get50,8,172,98,1208881.24
EscapeTheCave,18,830,662,1206394.0
Plan A,11,422,399,1200591.36
SkyLand,18,383,333,1195819.78
Angry 2,12,567,540,1194721.74
[SI] NEVERLAND,11,457,421,1193155.6
Dusty Road,15,513,466,1191835.94
Logics,21,158,151,1186915.74
Ruin,21,468,428,1185300.52
Plaza,18,353,303,1184212.74
HeartOfMoon,13,958,844,1177074.12
skynet6,4,1521,1294,1173679.38
Feeling,8,719,659,1172920.26
Icy Mountain,8,969,859,1171911.18
HappyValenTees,8,1371,1203,1171116.12
HellGate 2,8,1649,1406,1170879.06
skynet5,4,1709,1508,1167982.52
Lost Story,12,634,569,1165949.48
Regret,12,655,607,1162754.72
3of4,8,3294,2475,1161077.26
SkyFly,10,1979,1525,1158986.12
Im No Superman 3,18,496,446,1154919.28
HellGate 4,8,888,765,1154222.64
TOPOS,4,4690,2883,1153415.08
Push it,8,3314,1499,1151892.98
Art of Movement,12,1292,824,1151801.92
Just Fly 2,6,1863,1347,1150775.68
Bomb Raid,15,1264,761,1150331.48
21,16,538,496,1143425.52
Black_City,20,351,320,1138324.2
Lost 3,18,234,227,1137910.38
Zip,4,1013,915,1136202.84
StormzZ,12,627,578,1127254.98
VoidOfSpace,8,1756,1290,1125820.04
Samsara IV,20,507,386,1124727.38
Galaxy Story,11,1315,1144,1123097.34
Grey 2,4,3319,2648,1115356.92
BoX,8,1180,1044,1112352.68
Blizzard!,20,183,168,1107491.58
Limitless,15,724,592,1102956.08
Love 0.6,8,1485,1285,1102663.2
Pandora,8,679,619,1100166.8
Alpha,8,1031,805,1099595.18
run_ankii,0,74829,7791,1097993.7
Top 2,11,716,654,1097622.04
Catch the Colors,12,372,298,1092823.1
LazeAround2,11,532,471,1092586.46
DeepDrag,30,208,143,1091607.36
4u,42,63,59,1090607.9
Forever,20,362,340,1084925.12
Impossible 1,12,579,497,1082447.68
Tiji,15,1051,840,1082138.44
Journey Man 2,27,108,106,1078388.76
TsinmaS,8,1300,1125,1078267.98
Difficult 2.2,16,257,215,1077176.2
MysteryCompound,15,444,398,1077163.5
UpNDown3,12,537,315,1076555.18
Cursed Treasure,21,256,233,1071887.68
FWYS Key 1,13,373,347,1057092.06
Jungle,8,975,879,1054093.08
Flyppi,18,231,217,1052811.4
skynet4,4,2171,1848,1051286.64
ddrace_loop,12,332,310,1050226.2
Tylost,12,475,450,1048383.42
Justice 2,42,92,35,1046593.44
Fall & Rise,15,444,382,1044962.8
FWYS 5,12,1153,1026,1044553.44
Kobra 4 Solo,8,1073,914,1044551.66
[SI] KABOO,9,1193,1006,1043674.58
Masquerade,16,118,88,1041310.84
-Ikarus-,16,349,323,1040040.88
Fly-4-2,12,1091,954,1039766.68
The Captive Mind,12,490,451,1037699.0
TryHard,27,148,136,1035936.7
DARKness 2,12,1535,1342,1033481.44
Reload 4,12,252,238,1030496.54
Revival,24,171,159,1030040.92
Easy Hook,11,1486,1280,1024747.0
Eagle Race Compilation,12,322,318,1022776.14
leopold,18,975,824,1022071.72
MonkeyStyle,24,140,122,1014812.88
Genericore 3,24,190,170,1013587.98
slow,8,891,808,1013076.92
Excast,11,444,414,1012517.18
run_cave_grass,4,1050,774,1010117.44
Pirateworld,6,1933,1680,1008045.1
GlassBox 10,4,1313,1135,1007107.18
Veni Vidi Vici,16,247,215,1003645.82
DawnOfDust,16,279,258,1001028.1
Hubbel,13,505,440,1000113.6
SpookyDrag,20,579,413,999897.62
Dry Valley,27,171,125,998752.66
skynet3,4,2018,1710,996604.6
Universum 16,12,733,585,993951.26
SimplePlay 2,5,3423,2506,992648.46
Picklock,20,217,203,983151.48
Adrenaline,27,148,135,979935.26
Acidate,18,384,331,979887.98
Kobra 3 Solo,8,1215,1070,977466.34
run_hard_hundred,8,176,119,975993.66
run_the_cure,2,2648,1492,972192.44
Autumn Sunset,12,2094,1136,972092.62
Victory 4,18,228,220,971832.22
Grey 3,4,4793,3435,968721.24
Ice Cave 2,13,198,189,965852.5
Next,16,340,326,961289.42
FaCe,13,388,371,958401.34
skynet8,4,1228,1088,958230.5
Totoro,12,761,686,957631.36
Spectrus I,4,1026,943,957530.76
Black & Red,16,168,143,954308.4
The Way to the Hell,24,130,110,954062.66
Soft,15,630,498,953247.82
Run_Aim,6,557,301,953029.68
Cloudy,12,634,572,952127.62
Delirious,30,102,61,947547.64
Besbex,16,402,362,945868.42
Mario_reloaded,13,360,336,943083.86
Wrong Forest,11,481,423,940403.78
The Rapture,30,110,83,940293.94
skynet7,4,1842,1576,939113.48
Chaos 2,16,377,353,938864.46
Fly to the Legends 2,16,530,305,938152.44
Curse,16,274,261,935739.38
Red Japan,12,469,438,935374.1
Zadrotos 5,18,162,160,934614.32
[SI] VIADANTE,11,1207,1026,933972.92
Around the Globe,16,170,165,933148.2
World of Magic,16,287,276,930296.04
Notice 1,16,386,371,929999.62
run_pokemon,4,1015,711,928389.24
Cheepl,8,1792,1216,927369.92
HappyEaster,16,495,478,924091.1
run_blue,0,64480,7439,922290.02
CreeperFace,12,421,384,921927.68
Squidgy,11,360,313,921682.96
Tribute 2,12,575,540,918586.74
Fall In Love,4,1720,1524,916810.74
Heaven-time,4,3301,2462,914873.46
GlassBox 9,4,1250,1097,914293.26
Genereatron,24,189,170,912624.8
Push him,11,894,707,912002.12
Tunak Tunak Tun,15,304,285,911954.64
hotrun,2,15123,4981,910921.74
Get The Gifts,8,1057,977,907829.54
Fly out of hell,20,156,112,906446.48
Rocket Player,8,1230,759,906049.8
#wontfix,13,287,268,905414.66
gendum,20,846,484,905352.02
Poreotics,12,508,451,905112.92
Angry,12,542,501,901455.16
Slow Santa,11,342,316,900377.64
Allround,8,1099,833,896447.46
Ambrosia,16,528,473,896048.74
Finito,16,504,462,894362.56
P2Z_Eclipse,21,200,189,891794.62
Hardcore 10,21,303,274,888708.14
ResidentSS,24,220,215,888059.72
Tropical Drag,20,658,491,887956.24
black-mountains,8,862,786,885812.26
Topsy Turvy,13,283,261,885158.34
Next 2,16,459,399,883947.74
Genericore 4,21,191,178,879392.52
Grace,11,313,300,872794.34
Genericore 1,24,223,203,872101.4
aled,24,318,171,869681.6
Hardcore 11,21,277,250,866674.8
Genesis-2,8,1072,960,865581.88
Just HookThrough,9,1049,934,865361.44
The Sewer,24,190,178,864308.62
External,21,314,282,864086.48
Continuum,18,276,259,863267.76
MapleSyrup,15,312,262,862947.56
Zaiross-Gores,7,2243,1501,856498.72
Black Jungle,8,548,507,855755.18
Maximum,12,410,390,854607.06
run_g6,0,92770,6976,854211.18
Helena,18,276,265,853862.4
Ice Cave 1,13,160,156,853270.7
Lucid Dream,4,6107,3195,851639.4
Memories,18,539,437,848451.22
SkyLand2,21,296,250,848174.22
Baber,18,153,133,846959.82
Therapy,20,99,96,844610.0
Good Ol' Days 2,18,566,486,843335.72
Ultimatum 3,18,447,407,843107.04
Agony,27,113,101,842191.22
[SI] DANICA,11,677,570,840865.12
-JustDoIt-,24,149,140,840666.1
skynet9,4,1245,1099,839767.96
Dels,12,805,726,839608.46
Dark Depth,20,406,243,839443.12
Lost Story 2,21,219,207,837408.1
Level,11,286,265,833486.42
Karaboudjan,21,224,208,832836.26
run_away,2,6306,3010,830427.0
Caldera,21,259,218,828337.18
DarkCore 3,12,395,352,827340.3
Just Hookfly 1,6,810,576,826129.32
DARKness 1,12,947,852,819870.44
Sunrice,15,275,259,819502.82
EasyCore,4,2240,1879,817574.12
Redemption,11,265,243,812386.44
PetJack,12,857,613,810742.02
The Cursed Night,27,104,102,810642.14
Doable,11,649,597,809778.28
Tetris,13,228,198,807039.54
Michler 2,12,579,546,806763.84
Lost,18,294,277,805829.76
Bumba,4,1397,1218,803182.28
Pentamine,27,193,147,800908.44
Divinum V2,16,336,315,799620.8
Sonne, Mond und Sterne,11,353,331,793380.66
Genericore 5,24,227,208,793016.18
NoMore! 2,21,290,272,790428.8
Franky's Adventure,24,226,169,788083.74
Firedelay,15,375,302,785043.4
Caution,11,428,380,784436.5
Death Sentence,18,371,328,782974.94
NUT_race6,12,752,672,777675.2
run_pinky,4,1050,757,777105.92
Just Fly 3,6,738,556,776508.26
acan,15,287,262,774179.7
Rocket Jump,8,1285,947,773716.24
Big Sun,21,318,294,766041.68
NUT_race1,8,1230,1014,763324.94
Tylost 2,12,547,521,762420.7
Seduction,15,435,416,761874.88
Back in Time 2,42,65,55,761267.62
GenericRush1,18,415,378,760640.92
Hardcore 12,21,169,157,756614.4
smile,4,763,703,756496.34
Jailbreak 5,18,185,167,753230.02
NUT_race2,8,1112,985,752002.62
Cavity,4,2787,1527,751124.84
Hillside,24,190,185,750248.8
run_ffs,2,5108,2390,749804.6
SL1,12,459,353,748129.42
run_long_for_popo,2,1904,1233,747453.28
WEEDS,11,702,624,746940.58
lovely me,12,740,671,746565.94
NUT_hardcore_race1,12,483,431,745595.36
lumine,15,796,400,745216.64
Limba,24,177,139,744492.62
Pathway 4,4,2623,2192,742916.52
Double Dragin,24,148,109,741319.22
Crimson Woods,7,1815,1426,738497.54
Optimum,15,284,274,738320.16
Summer Hell,20,261,237,737264.84
Revolution,8,537,502,736695.7
Paranormal,12,181,176,734432.52
Hop,4,6992,4289,728070.44
NoMore!,21,242,232,726400.02
Bumblebee,18,209,187,724727.78
Fantabob,16,396,378,724673.24
climate-crisis,4,759,652,724335.66
One Way,11,594,483,723443.28
Everlast,13,386,357,722225.86
moondrag,11,1132,1000,722187.14
Alpaga,12,283,263,720459.88
Paik,16,457,416,720228.94
Paradise & Hell,18,170,164,718335.6
Victory 1,24,190,183,717996.5
[SI] YELLOW,9,1495,1256,716168.76
Imagination3,20,133,128,716053.72
[SI] SELEN,11,651,583,715875.98
Jailbreak 7,18,211,197,711502.34
valentees,8,601,551,708043.5
PetJack 2,12,829,620,707952.28
Fly Lessons,8,571,435,707208.58
Genericore 2,24,204,194,707020.96
BackToBasics2,13,464,419,704418.02
4luvz,8,1459,1240,704372.7
Little Adventure,9,694,642,703933.0
Dreadful,16,142,130,703859.36
Excast 4,13,374,359,702984.4
Deria,16,662,590,702435.0
Sounds,11,296,285,702118.58
run_dude,2,2390,1579,701305.2
Zadrotos_final,18,153,148,700099.48
Samsara V,15,770,607,699770.24
No Merci,13,268,258,695430.6
HellFly,6,1281,1000,694887.92
The Joke,21,247,235,694880.5
Nightmare,16,109,100,692931.68
Motherlode,13,311,282,692397.82
Freeze Slow 4,12,219,209,691828.78
Fender,13,298,288,691273.86
Excast 2,15,384,368,691029.16
Bullet Master,4,2355,1496,690132.3
allthewayup,21,268,249,688228.22
Templerun,20,467,350,685922.48
Im No Superman 1,12,459,410,684944.12
black-mountains 2,12,520,481,684455.48
Roaming,24,202,168,684375.14
Dust's Leaf,8,2078,1310,683612.86
Wour Forlds,27,188,164,683189.56
NUT_hardcore_race5,12,398,334,681216.5
RageOne,8,601,554,679312.64
Freeze Jungle,13,432,385,674761.52
Tvyn,18,331,313,674144.96
Mirror,4,1909,1192,673278.82
Multivitamin,16,172,168,672792.14
Outside,12,683,489,670582.22
Ice,16,321,309,669545.78
Adrenaline 3,20,93,91,669229.44
NUT_hardcore_race6,12,246,229,666490.42
Aim 3.0,24,391,339,664032.78
Sunsetcave,4,1782,1539,663551.48
Chinatown,27,153,143,662521.14
Just Triple Fly,27,229,158,662347.24
Just Ragequit,24,189,178,661572.44
BackToBasics,15,398,378,657744.5
Steff I beginning,4,801,714,657111.88
NUT_hardcore_bestof,12,211,202,656982.38
Felian,15,392,328,656912.14
Ecstasy,27,107,70,656286.5
Kalimba,13,368,276,651832.64
Hardcore 2 Solo,4,2277,1735,651590.98
Reload 3,18,212,200,651065.7
Underwater,15,205,194,647552.52
Steff III peace,4,975,862,646505.96
Ntumba,16,167,138,644140.44
Winter Is Coming,27,85,80,643992.62
SimplePlay,5,3305,2357,643515.78
Apathy,27,106,105,642271.78
Toadsquad,11,459,362,639762.9
NUT_race9,8,3044,1256,637402.36
claret-blue,18,362,321,635959.42
Beachmap,16,119,115,635694.8
Crimson,24,128,120,634598.92
Dust,18,201,196,634551.34
GTF 1,8,876,789,634124.88
Sky Stone,13,187,168,633557.82
idk,11,1935,1425,633555.74
Desolation,16,451,403,631096.14
DayWalker,16,218,208,630410.9
Pathway 3,4,3399,2791,628695.36
Ironprison,18,142,137,627123.9
Target,20,1354,1011,626200.82
Movement I,16,274,188,625805.86
run_4xerhul2,8,154,118,623931.66
Violet,12,485,452,620859.78
Frats 5,12,360,342,620635.54
run_linkin_park,4,1128,793,619209.36
Springlobe 3,34,27,27,619167.3
Grand Shotgun,12,391,306,617355.42
run_button,2,3163,1803,616879.8
Blue Adventures 1,4,1008,892,616530.74
~AuTuMn~,16,224,210,613938.9
Elitissimo,15,370,332,613292.3
CrazyHOOD,16,237,218,612767.26
RocketIsKey,12,420,241,612530.12
Who's Faster,6,1093,892,612395.78
Zadrotos 4,18,182,168,612002.82
Difficult 2.3,20,94,69,610707.82
run_heaven_and_hell,4,1032,734,610520.86
Dodge,12,339,182,608059.78
run_keksi,6,281,161,606649.3
Destiny 3,24,167,161,605741.64
Reload 2,18,183,179,604823.56
Mystical Island,24,91,89,604499.74
Insane,20,149,142,603797.18
run_4popo,6,351,274,603441.32
Chill Let's Climb 3,8,228,214,602992.8
Frats 2,12,505,454,602751.2
All at the beginning,21,262,232,602441.2
pocramruinrun,2,4521,2045,602049.74
Pink Sky,18,353,310,602020.46
Hook Fever,12,732,668,599033.32
Dels 2,16,677,619,596861.12
a_simple_run,9,2376,1731,594685.64
Stamina,12,462,443,593982.48
zelda,6,595,429,592184.98
Broken space,12,448,302,591595.12
run_alboni,6,390,307,591511.92
PreciousDream,11,525,467,590807.02
run_experience_of_incredibleness,4,1067,689,590624.34
Difficult 1.3,20,101,82,590226.18
Primeval Forest,15,482,425,587873.98
run_irish_luck,2,1867,1217,587697.86
Crooked Mind,16,222,136,586511.46
Rockita,16,201,176,585989.66
The Joke 2,21,123,118,585726.3
Skyisland3,16,192,178,584919.62
Caldera 2,24,134,114,583133.32
Enchanted,21,89,88,581853.2
Kero-Gores8,11,1134,868,581723.98
Dead Island,16,357,324,581588.14
Yoko 1.1,21,300,285,581225.34
Humpalumpa 1,13,195,173,580013.92
run_InTheHell,2,3606,1897,579704.34
Justice,34,78,52,576948.16
Partenack,16,225,183,576765.22
Paradise,18,296,228,576575.4
Dels 3,16,116,109,575778.74
run_forrest,2,3221,1764,574671.86
NUT_hardcore_race2,12,582,507,574488.6
Gold Rush,20,211,199,574162.88
-SKY IVLAND-,21,82,80,573704.42
Hell Fly,16,461,321,572817.98
Golden,11,425,394,570646.88
Yoko 3.1,18,239,226,568370.12
StrangeNight,12,306,288,568196.62
Frostbite,12,599,536,566342.98
Herbstzeitlose,13,411,370,566305.14
PurpleViolence,11,339,295,565476.12
back and forth,12,608,420,564361.82
ForeverAlone,8,1977,1404,562367.62
Genericore 7,24,161,146,562340.84
Maximum speed,12,264,170,562125.96
NUT_hardcore_race4,8,284,254,561459.54
Reload 1,12,409,388,558813.06
R.I.P,8,695,659,557723.74
Shockwave,34,57,54,557647.56
nameless map,13,401,370,556746.02
run_pink.lila,6,550,301,555473.08
SomewhereDistant,9,702,608,554044.38
Danceoff,24,113,99,553433.36
Zephronikon,16,126,117,553418.44
Rocket Challenge,12,454,313,552917.98
pr0-move,4,770,503,552745.06
Caveman,12,599,537,552551.76
run_black_white,4,777,590,552139.28
Journey,21,168,154,547702.0
Sandland,9,1149,992,546949.68
chiseled,18,285,265,543969.26
Rema,18,211,186,543708.58
Arabic Night,18,309,275,542769.94
Skyfly,16,328,310,541679.28
Sleepy 2,24,152,145,536667.1
Handifly,30,90,57,536579.92
Sunreal,11,667,624,536306.74
FastRun,9,867,798,533282.82
LowPossibility3.1,20,74,69,529809.7
Desert Night,4,3025,2251,529711.5
Repeat,12,321,289,525515.94
Impossible 3,12,281,250,525414.42
run_dfc,6,547,420,522437.68
Valley,27,131,124,521613.24
run_hard_hell,8,120,90,520692.66
Striped Clouds,30,36,36,518844.98
run_the_rock,4,534,377,518678.9
FindTheFreeze,9,479,434,516004.08
Cucumber,24,137,124,513813.04
Away,8,1062,924,512727.96
Fly to the Legends,20,143,104,512101.28
NUT_race5,8,676,624,511146.3
Space,16,199,192,510707.3
Lykeion,12,342,305,509659.76
Standby,8,1158,1011,509134.62
Arcadian,21,130,111,508943.68
Just Hookfly 2,6,619,377,507322.06
Day One,15,194,169,506291.14
Difficult 1.2,16,127,103,504797.8
BlueRift,12,249,236,504734.7
NUT_race4,8,435,356,503964.8
Interlude 2,24,105,99,503463.5
run_skizzpopo,4,732,525,502930.16
Espace,24,86,82,502888.92
superway,24,98,96,502622.34
NUT_race3,8,506,394,501507.8
run_harder_than_hard,6,412,267,497529.86
Insane 2,20,77,71,496718.64
Pranki,13,1036,841,496421.36
Don't go,18,762,652,490661.22
run_inset_into_the_heavy_jungle,8,221,147,490383.8
Cloud Nine,16,186,171,488555.64
BlackVision,8,900,688,484844.42
Tatooine,30,64,55,483911.86
Intercepter,18,76,74,483121.42
run_brown,2,1921,1223,482861.7
FreeDoom,18,130,116,479784.38
ROCKET-BELT,12,288,250,478703.04
ctf5_solo,4,4255,2592,478386.92
Woader,20,265,222,476254.88
Valley 2,24,119,114,474863.3
Generic Hell 2,30,51,50,473630.98
Adrenaline 2,27,89,87,472207.16
frustrainleave,6,322,285,472163.52
Jajka,20,193,180,467911.42
Time Eater,21,143,119,466363.48
Skyisland2,16,464,401,465322.92
DarkCore 1,12,200,167,463279.52
Excast 5,15,242,234,460556.9
Drunk,12,354,333,460356.12
Jungledread,21,95,90,460100.8
Nightly Tandem,21,182,160,458883.48
Fallen Angel,12,423,347,458665.88
Spacetic,18,363,332,456770.54
Think! 2,16,178,166,454960.76
Green Agony,18,178,166,452768.48
run_neonlight,2,1506,925,452402.68
Tropical Island,24,86,81,452312.42
run_birthday,4,895,589,450080.54
Jailbreak 4,12,205,194,449843.22
Destiny 1,24,87,85,448657.84
SkyIsland,16,131,118,446673.44
ghbdtn,16,206,153,446446.72
The Ultimate Rainbow,12,189,183,444955.92
Whitemoon,8,1547,1168,443870.5
Skyventure,20,300,216,442850.8
experiment,12,255,243,441854.6
Alive,18,231,211,441849.34
007 - 1,8,886,805,441812.92
run_FreezyFly,4,522,379,441236.0
Heartcore,42,93,52,440990.44
Skywalk,24,87,73,439516.98
UpNDown2,12,397,207,439203.48
Day 'n' Night,27,89,79,438969.76
Hardcore 6,24,153,147,437722.12
solo_castle,8,2948,1759,437117.96
KeepOut,16,217,159,435221.88
run_4popi,4,1032,674,434078.6
Green,12,277,266,433117.74
Atomic,30,59,58,428117.4
Chained,20,385,269,427972.38
NUT_short_race4,4,1361,1069,426093.2
Fried,15,158,144,425074.08
Run Free,11,702,533,424926.18
run_orange,0,28720,4012,423968.02
run_drawed,2,3200,1512,423559.78
Cya Nerd,21,146,118,423521.9
Fishbone,13,275,248,423432.36
Increase Your Speed,8,1698,976,423391.56
4s,30,81,77,423314.38
run_from_ice_to_grass,6,396,249,422050.1
Ultimatum 1,18,246,224,421790.7
Sabell,13,239,227,421216.46
Regen 3,27,88,75,418495.34
Dreamland,20,244,168,417913.88
Weird Cave,12,277,230,417264.46
Interlude,24,61,61,415550.88
run_the_cube,4,1191,951,415185.56
Volcano,16,238,227,414695.42
run_asr,4,1186,778,413441.88
Impulse_03,4,1568,1253,410519.66
007 - 2,8,795,721,409636.36
Illusion,12,104,92,405972.62
Elumite,21,119,110,405853.98
NoTeleBro,20,578,472,404435.02
New Generation,38,47,40,404076.48
run_ice_castle,4,715,544,403659.16
Intense 3.0,21,133,112,402030.26
run_greygrey,2,3240,1626,401250.08
Desert Duration,8,692,424,399635.1
Aimazing,34,56,51,399035.64
FreeZe,8,451,428,397434.62
Outlet,20,119,110,396292.4
Goldshire,24,127,121,394367.66
Jazz Hands,20,230,194,393915.64
run_not_short,6,576,328,393647.24
Space & Time,21,174,162,392706.62
Destiny 2,24,117,111,389649.38
Full Moon,12,198,182,388090.94
DeadCore 2,24,88,79,387806.78
Victory 5,24,92,88,387678.64
Cosyris,24,75,64,385203.64
VeryLow2,16,169,161,384827.52
BrokenBlack-1,20,215,196,379748.4
run_nightmare,4,994,619,379640.82
nameless_run,10,46,33,379356.24
run_2Rockets,8,218,141,378973.8
whatever,16,183,173,378700.52
run_golden_toilet,8,174,107,377112.48
Hardstyle 4,24,138,137,375862.66
supernice,20,57,51,375248.06
Childs Play 1,21,75,69,371042.3
DummyCopter,15,601,489,370954.36
mmips,18,246,212,370591.06
run_glowing_ice,4,1151,716,368926.62
PurpleHeaven,15,166,134,367835.24
FLAP,18,86,84,367292.7
Stereotype 4,30,30,30,365490.42
Skill Rises,27,73,68,364247.44
NUT_hardcore_race3,8,477,420,363381.48
run_skizz_keres,8,205,133,363094.02
Excast 3,13,223,214,359388.16
Anoteex,12,158,128,358542.64
Endgame,18,114,110,358306.1
NUT_race8,8,349,284,355966.46
Jaw'Eld,24,139,129,354248.92
Paranoia,8,201,192,353040.78
TryThis,24,124,119,352998.46
aled II,27,138,73,351495.56
LichKing,30,20,14,350199.34
TomorrowLand,25,315,230,348717.7
Chaos 4,16,166,141,347179.14
Disco,24,109,102,346367.5
Black,12,416,394,343878.74
run_world_war_zero,10,19,15,342355.12
run_escape_the_darkness,8,222,132,341683.12
The Joke 3,21,80,76,340988.18
navii,8,1069,715,340123.24
Antrum,12,301,224,339080.62
Cemetery,18,290,265,339063.18
Extension 2.0,8,530,417,338226.46
run_stoned,4,772,533,337942.0
run_4abydos,2,2393,1243,335809.08
SpeedCore,12,273,232,335544.34
Burger,21,438,331,335470.12
run_longWAR,6,877,595,334734.48
run_4xerhul,6,570,380,331276.88
Last Jump,12,260,187,330666.0
Amazing Drags,25,336,212,330573.76
Tough,21,187,165,330221.5
Natura,20,79,75,330184.46
Guhimbarwa,15,124,107,329925.0
Divergence,24,64,61,329551.02
Strike,4,820,732,328697.6
Somewhere in the Sky,12,200,166,328360.02
From Death to Destiny,21,623,497,327604.28
The Uns,18,139,129,327414.44
Impulse_01,4,2447,1695,323796.48
Chaos 3,16,172,159,323333.98
NUT_race7,8,461,431,321228.1
run_galaxy,8,227,146,320927.66
run_blood_thirst,8,126,98,320808.36
Stereotype 1,18,84,81,318226.08
Energie,16,170,166,314816.58
Cocaine,20,140,137,311287.94
Casthere,12,694,492,310942.74
nullptr.sg,12,300,196,309895.44
run_hot_or_not,4,918,577,309848.08
UpNDown,8,1025,483,308677.22
Doreos,24,206,183,308653.86
Maranko,15,371,334,307871.32
run_tee,4,588,421,306925.8
Hardstyle 3,24,72,69,305660.58
LaserTag,12,227,169,305260.8
Pataros,25,357,285,303362.28
Tatooine 2,42,24,21,302303.24
Aufnahmetest_AE,4,820,572,301083.4
run_black_jack,4,562,425,301051.28
SimplePlay 4,11,1694,1261,300592.38
run_grass_hell,10,56,35,300566.62
Sleepy,21,116,102,298732.6
Damage,24,53,46,298473.32
Stones,21,74,74,296678.58
Hard Way 1.0,16,202,194,294661.82
Adrenaline 4.1,34,47,47,294084.66
Intermediate,27,139,122,294014.8
Baguette,24,57,56,293803.46
Kassin,21,96,91,293598.32
Delension,8,3069,1964,292749.64
Ultimatum 2,18,315,265,291491.92
run_4lollipop,6,473,320,289876.16
CYO,5,4554,2476,289684.7
HellCore,38,44,42,289163.42
Inception,24,47,47,289026.28
run_toxic_green,4,637,449,288785.68
DarkRoad,15,124,121,288193.38
Adrenaline 4.2,34,30,30,288003.26
New Era,13,262,228,287722.48
Short Con,8,788,524,286865.86
Fluke,21,196,171,286837.2
Eclipsis,30,42,42,285718.0
Mystic River,24,101,92,284308.04
4q,34,46,41,283234.48
brainduck,21,75,67,281317.84
Not Adrenaline 4,11,441,379,279589.7
Regen,24,76,69,279378.34
Chaos 1,16,101,88,279104.06
New World,24,82,68,278524.12
Short,11,1439,1098,278194.3
Genericore 6,34,58,54,275711.16
run_inset_into_the_light,6,224,164,274749.64
Alaska,12,105,100,274618.4
Lonely Swim 4,4,5657,2799,273520.58
The Dream,24,109,96,272174.22
Day,20,101,95,272044.5
HardcoreZ,20,50,46,271917.54
run_yellow_hell,6,544,394,271321.6
Best Of,20,90,80,270388.82
Yoko 2.1,18,411,352,270268.2
run_4mystery,4,500,387,268541.74
DeadCore 1,24,55,52,268294.1
GHB_DDrace,8,357,310,268095.72
Lucifer,21,116,103,267989.52
minion,15,148,144,267507.4
Impulse_02,4,2103,1492,266851.2
Uzmutulunculunbé,24,139,122,266237.48
Last Chance,18,57,57,261462.32
Aurora,25,147,88,261452.14
run_spring,6,439,322,261269.86
AIB Quest 1,12,243,186,260450.88
Theory Of Fail,8,578,395,258680.0
Awayza,12,148,111,257938.44
Push it 2,12,194,100,257747.12
Elitist,24,69,58,256371.52
MoonPie,11,171,162,256309.24
run_4fikmesan,4,1126,647,255184.68
run_unschaffbar,4,875,649,254873.4
A Strange Dream,21,92,81,253440.04
Adrenaline 4,50,13,13,253313.0
Epic-Fail,21,212,182,253228.24
run_yellow,2,989,681,252973.38
Red Hell,20,59,58,252754.36
whitehell,30,40,40,251554.64
Analyzer,30,101,94,250914.16
Dynasty,12,148,118,250604.7
Lawrence,16,110,73,246856.76
Falling Down,38,28,23,244844.86
run_firestorm,4,784,523,244611.76
Stacked,20,230,106,244478.42
run_skizzrettex,8,243,184,244241.74
NUT_short_race1,4,4250,2538,244138.48
I will be back,12,345,273,240423.9
Castle,9,856,740,240410.82
Samdragaline,20,202,175,240239.8
yoshiloop,8,211,131,238253.9
DarkMove,12,282,232,237465.14
ChillDontKill,24,47,42,237397.0
run_4tzoy,4,779,544,236860.36
Fiasko,27,70,65,236355.46
Bl0odDens3,21,1128,722,235702.24
run_WARmoepopo,2,1327,873,235648.3
Day Two,15,140,107,235645.42
run_redbull,4,999,574,235246.36
Venture,18,320,279,235152.48
Embrace,16,113,80,233560.44
Cold Jungle,24,136,127,231800.06
2Long,12,185,156,231490.36
Ultranova,27,48,45,229810.96
NUT_short_race5,4,4028,1663,229283.3
Fluff 2,13,226,200,229025.04
City of Death,24,61,61,228554.84
run_miniatur,4,887,620,227451.78
Reason,27,100,88,226550.34
Synesthesia,27,67,43,226087.26
Tee Legends 1,8,1329,1131,225921.26
Genericore 8,38,27,26,225380.96
run_antibuguse,10,6,5,225218.5
Gedan,8,800,391,225200.16
Bush,18,233,207,224798.16
Mines of Fear,21,101,85,224782.5
SolarStrike,24,79,66,224304.34
Nightstar,24,28,28,223503.1
run_skizz_loop1200,6,283,190,222429.16
Deserted,27,64,61,221656.28
WALL-E T,12,358,293,221259.12
AIB Quest 2,12,134,110,220632.56
#MegaRosenkohl,20,53,52,220141.7
Unbalanced,21,64,54,219254.46
DarkCore 2,12,122,110,219157.3
run_crystal,4,935,628,218779.78
ThereIsNoTruth,15,117,104,218660.06
Insane 3,20,51,43,218512.08
TheWalkingDead,20,65,62,215616.34
Draxut,20,204,149,214409.3
Eclipse,20,69,60,211453.26
Inspire,20,55,55,209455.98
run_shutter,8,83,57,207575.04
The Fusion,27,118,86,206936.16
run_dragon,4,557,398,206692.36
Nyanpasu,21,92,75,206554.16
EaSy_HarD 4,18,88,82,206226.96
Between the Heavens,30,40,40,205467.02
Injection 3,30,56,42,205014.06
Fox,18,332,280,204650.88
Jumper,4,1983,919,202052.14
Rope swing,8,681,494,201785.24
Deadline 2,16,77,75,200860.54
Hardcore 8,24,83,81,200712.34
deathpack,8,2070,1662,200665.08
run_sunsetcave,2,2212,1032,200635.64
run_frosty,6,431,332,199366.0
run_2rocketstwo,10,127,56,198873.56
run_for_onkelz,2,2767,1315,198521.72
Fade,24,62,61,198362.32
The Tower,12,415,350,198111.4
run_for_ghost,6,430,298,194871.3
Perfect World,18,139,137,194339.86
Nytro,4,3722,2287,193552.56
Goldfield,27,77,73,192093.0
Aimlicious,42,18,16,191941.68
run_radioactive,6,552,377,191489.9
Stereotype 3,30,31,30,191159.3
Stereotype 5,30,31,31,190685.7
Duodecimo,12,126,110,187542.74
Blue Hell,20,153,145,186570.74
Mirai,30,67,57,185627.6
Stereotype 2,30,20,20,185181.18
Tee Legends 3,8,1329,901,184738.54
Is it Real,27,46,44,183676.38
Yee,25,80,72,181806.78
Frozen,24,132,115,181260.66
Fahrenheit,24,57,55,179793.9
run_granit_stone,4,543,391,178344.72
run_out_jungle,6,238,197,177785.38
Brown Suger,8,972,788,176984.38
Uncharted,24,83,80,176887.48
Castoreum,12,61,60,175846.96
run_shadow,8,306,217,174167.16
Qwertz,18,118,114,172150.2
Castaway,20,289,227,170976.48
Radiation,21,114,105,170060.4
Just_Shotgun,16,491,208,167681.46
Cave Fly,16,114,84,166861.6
Complex,30,23,23,166277.16
Dummy 2,11,396,342,165361.88
Triple Kill,24,45,43,164772.9
spy,8,2953,1473,161393.36
Hopeless II,8,831,640,161125.84
Victory 3,24,40,38,161114.32
run_birming,10,48,28,159727.46
Spaceman,12,220,139,158988.1
Sacred Source,13,375,314,158976.72
Aftermath,13,142,131,158034.68
Back in the sky,30,20,20,157705.6
Highlife,24,122,106,156865.5
Kabarda,21,79,77,155920.52
Dead Darkness,24,82,73,154209.42
Failable,27,59,51,154166.16
run_three,8,151,92,153986.16
Croissant,12,223,192,153640.28
Victory 2,24,49,47,151980.76
run_alkohol,6,324,181,151901.26
Shock Value,21,87,81,151737.76
Ray - 2,13,143,127,151385.66
NUT_short_race6,0,21845,3246,150653.34
Ton,34,48,43,149885.14
run_groove,6,442,292,147776.0
run_pencil,4,797,548,146810.46
Verification 7.0,8,3073,1501,146472.32
Resi,20,466,366,143263.78
Apex2,21,76,70,141809.42
Timebreaker,8,778,528,141694.4
Moonstone,21,90,79,140744.0
Imagination,12,103,98,140391.78
Punica,21,46,42,137147.56
Yo'Ci,34,50,43,136815.2
Reckless,21,228,183,135581.64
HearTbeaT,20,31,29,135460.66
Prison 1,4,1393,975,135242.66
NUT_short_race3,0,5507,1705,134471.56
Jailbreak 6,18,61,54,133653.6
JustGeneric,27,82,78,132839.86
Extension 1.0,8,366,296,132116.48
Puzzle Box,8,442,241,130210.22
Alone Together 1.0,24,72,59,129909.06
DarkSpy,30,88,65,129901.16
Kickout,24,34,34,129766.68
Eruption,12,54,52,129342.18
Fever,21,52,48,128529.12
SavannaDrag,20,230,193,126246.9
Lawliet,12,580,326,121493.9
Impetuous,4,1853,815,121021.96
Regen 2,34,32,25,120890.4
Blue,18,35,35,120766.18
run_painted,8,212,149,119761.44
Elo-Hell,16,108,104,117878.14
ZooDrag,25,127,88,117408.28
Tee Legends 2,8,857,661,116715.1
DuNoMa,20,118,98,116550.42
sense,13,125,112,115883.78
Iron Island,8,438,375,114412.24
Heraconx,12,143,105,111186.46
Sooth,30,28,21,111162.64
Short2,11,701,556,110839.08
Easy Way,16,146,131,110635.84
Rampage,16,48,41,110262.1
selfdragger,8,1043,728,109211.24
DeepEdge,12,235,193,108613.18
Equity [Easy],8,811,561,107724.72
Adrenaline 5,42,15,15,105418.66
Dark Side,27,61,57,104785.56
Cry,9,254,216,103432.1
Ulver,20,69,62,103078.3
Night of Spikes,8,607,520,102406.58
nemesis,24,30,28,100858.88
Road to Rank 1,24,34,27,99996.12
Narcissistic,24,115,95,99521.74
Nightstar 2,24,36,31,97501.64
Sperance,27,34,33,96128.4
DarkCore 4,24,49,49,95147.28
SkyCave,8,589,413,93827.7
BlackBear3,8,2668,1624,92891.26
Poke,16,87,71,92716.28
complic,21,109,105,92023.04
GetSpeed2,12,126,107,91851.76
Autumn Sky,12,168,126,90457.04
GetSpeed,8,335,268,88744.4
Onliner,20,298,243,88623.94
Furypleasure,21,105,90,86603.04
SavannaDrag 3,20,181,151,85951.36
Pace,10,418,263,84839.76
BlackBear1,8,1783,1022,84611.7
Verification 3.1,8,531,358,83834.72
Canyon,12,85,53,83281.52
likeOldschool,30,54,50,82358.4
Aufnahmetest,12,477,407,82063.12
Black&White,24,205,158,81716.16
The Enchanted Clearing,34,27,23,81332.48
Lonely Swim 9.2,8,708,544,81243.52
SavannaDrag 2,20,224,188,80626.34
Space Rate,30,33,32,80504.3
Wormhole,8,1948,518,80233.8
External 2,30,34,32,80089.96
Gorou,8,2521,1119,79703.08
Madrigal,21,50,46,78818.42
Let's Swing,12,266,217,78026.66
Yoko 4.1,27,38,34,78002.28
Aufnahmetest 2,12,207,172,77976.68
Run into the light,24,69,65,75346.82
Repentance,20,99,85,74755.26
Lonely Swim 3,8,849,677,73989.02
Lonely Swim 9.0,8,1117,820,73229.1
Grind,16,74,59,70882.28
blur,18,180,150,70568.2
RockClimb,8,298,229,69391.96
BlackBear2,8,1626,987,66910.96
AnotherEra,24,24,24,65843.04
mazepack,4,920,692,64997.66
Skychase 2,20,59,46,63755.16
Verification 6,8,1001,525,63405.26
Late Evening,8,728,590,62845.32
Old Style,8,561,411,62331.0
Honkstar,16,68,55,62241.38
Space Climb,16,129,93,61643.04
Lonely Swim 9.1,8,887,654,60687.4
ShotFF,8,503,350,60413.98
Nincorn,20,76,60,60113.68
Undisclosed,21,44,40,58651.88
Venture 2,27,66,61,57133.64
Jungle Run,8,639,508,56301.9
Yumizo,24,38,37,56081.04
Hollywood Undead,8,536,472,55874.42
Allround2,12,419,326,55646.6
Flamara,12,105,80,55613.48
Grid,12,332,250,55091.28
Animus,24,24,21,53965.88
Nyan Cat,4,1505,577,53699.9
Daghestan,12,303,264,53113.62
Hopeless,12,516,401,52931.8
Desert Dog,15,203,139,52313.34
DarkWorld,25,60,49,52196.86
NUT_short_race2,4,3216,1374,51824.36
Not Adrenaline 6,24,12,12,51743.16
DarkSpy 2,30,53,33,50759.38
DoomWorld,24,38,29,50720.76
Verification 3.2,8,943,580,49222.64
Verification 3.0,8,734,499,47327.56
Provence,8,292,162,47189.64
Airnade Ultra,20,4,4,45724.36
Verification 3.4,12,319,269,43645.24
Unisex,30,28,26,43405.56
drg5,15,186,155,42733.38
Gigabyte,12,179,141,42389.5
BlackBear7,8,1928,895,42117.26
SkipIt,12,749,435,41874.64
SavannaDrag 4,25,126,99,41100.16
nore,20,203,121,41099.62
Microlity,16,84,66,40958.76
Nettex,12,208,160,40777.74
Lil Jungle,24,81,75,40426.02
BlackBear4,12,864,586,40185.78
Verification 3.9,12,142,103,40023.96
Propagate,8,215,198,40018.84
Golden_Evening,12,223,190,38869.74
Spiders,12,115,105,38582.82
Speedster,8,953,322,38354.2
AIB Quest 4,12,80,58,37454.88
SoManyStars,8,701,465,37425.04
HDP_Gajos9,12,268,219,37334.38
WSMS,8,324,216,37255.6
Birinci,16,55,43,36954.72
DarkEagle,12,110,81,36790.96
Hermit,12,193,103,36758.6
Verification 2.1,8,753,438,36480.04
JungleBee,12,262,218,36307.68
Ghoul,42,16,12,35948.8
Exhale,24,24,14,35682.76
Verification 3.3,8,551,441,35547.76
Eternity,16,88,59,34965.46
deadrun,8,651,518,34431.78
Sequite,24,54,51,34198.04
Skepsis,12,138,112,34156.92
Nalar,30,29,20,33626.96
Uniswim,8,551,358,33558.96
Triplecan,16,113,83,33365.88
Solo Power,8,303,232,33303.78
Honkstar 2,16,51,38,33261.56
First Try,27,51,47,33174.7
Caverun,20,37,25,32945.14
combo,12,190,124,32584.9
2+2=green,12,365,286,32194.9
noro,20,141,106,31818.48
Jelly,20,64,56,31714.38
Hell's Castle,12,324,256,31506.88
NUT_short_race7,0,2065,975,31468.56
Stay Alive,30,39,38,31027.16
Jazz Hands 2,25,20,18,30683.2
Anim,25,161,136,30463.04
It's Time,12,166,144,29852.12
Lamb,16,52,46,29687.34
Where am I,12,154,84,29233.72
Verification 6.1,8,426,286,27917.5
Resistance,38,25,21,27897.86
SkipIt2,8,1588,568,27476.7
Sunburst,16,171,117,27260.94
nora,25,87,77,26787.64
Heartcore II,50,6,4,26768.84
Relief,30,37,29,26421.3
Verification 2.2,8,1205,423,26247.98
Verification 7.2,12,170,141,26208.16
Plocky,8,152,118,25533.74
Verification 2,8,643,436,25255.28
Killstreak 2,12,470,328,25174.06
Cloud Dreams,16,34,26,25097.86
GenericDrag,25,92,73,24828.66
Pink Destiny,24,72,62,24375.16
Network,16,39,29,23746.14
Lifture,16,20,16,23639.08
Verification 3.5,8,658,381,23546.26
Stop Over 1.0,8,452,255,23485.56
Honkstar 3,16,36,28,23336.84
GLL,12,113,99,23291.66
Sky Movement,16,35,29,22881.12
Atmosphere,12,66,49,21991.74
To the moon,24,76,65,21861.36
Enormous,16,92,62,21179.78
Freezejump,12,205,163,21010.38
BlackBear6,12,872,492,20641.62
Noh,16,113,83,20350.32
Looney [Extreme],24,42,40,20295.36
Panic Paradise,24,20,19,20162.34
Sparadrap,8,89,73,20160.1
It'sYourDeath,20,38,30,19796.14
Thomas,12,113,98,18961.74
Hostile,27,43,38,18651.92
BlackBear5,12,444,288,18583.12
Pharoah,16,44,37,18471.9
Firestone,38,24,19,18215.64
miA,30,73,51,17849.84
Desert Mine,12,68,58,17213.72
Verification 3.6,16,65,51,17189.28
Verification 3.8,12,142,119,16857.24
Shotsky,12,102,78,16536.0
Airsky,30,42,30,16329.52
Speedfly,30,24,15,15395.52
BrokeysChallenge,16,42,40,15182.54
Rocky Horror Fly,27,50,42,14881.48
Short Sky,8,520,307,14465.88
CHILLUMINATI,12,235,154,14206.82
Shortgun,16,55,42,14099.2
Quick,8,77,58,13759.82
Generic Fly,24,38,29,13627.2
Loopie,8,124,75,13371.78
Aufnahmetest 3,12,81,71,13245.94
Ephemeral,8,178,110,13239.46
Adragaline,30,61,52,12867.02
Verification 3.7,12,95,86,12512.46
Verification 7.1,12,141,112,12202.0
Fall into the Future,12,32,27,11975.78
Adragaline 2,30,47,35,11684.56
Verification 6.2,12,113,83,11580.36
Triplecan 2,20,47,36,10932.66
Sunburst2,16,70,50,10443.46
Nentori,25,32,30,10330.16
Momentum,20,115,80,10318.94
Nether,34,4,4,10107.52
GG,21,34,29,9783.88
Verification 9.1,16,68,58,9300.78
Equivalent Exchange,25,26,20,9117.96
kipling,12,52,32,7927.28
Equity [Hard],16,33,28,7411.26
Epinephrine,30,16,14,7387.04
Disposition,16,65,31,7169.96
HyperEdge,16,52,42,6809.12
Verification 9.0,16,39,34,6166.96
Agile,12,87,62,5814.56
Mina,20,37,31,4729.24
Equivalent Exchange 2,25,16,10,4479.62
Hostile 2,30,16,14,4278.56
Hitode,16,33,26,4231.38
Stop Over 3.0,8,142,60,4017.76
Relentless,30,18,14,3869.84
Squadron,30,4,4,3588.22
Safe Place,16,27,24,2453.9
Grim Reaper,50,2,2,2427.88
Stop Over 2.0,12,39,33,2287.44
Rush Clouds,16,25,21,2052.12
Memento mori,20,1,1,625.4
