Rank,Player,Points,TotalTime(Hours)
1,Soapy Sandwich,19144,10236.14
2,bano,24402,9782.94
3,Cøke,20563,9763.59
4,nameless tee,16045,9317.03
5,Tridemy,6134,8859.95
6,brainless tee,10311,8635.98
7,弟中弟O3O,5075,6960.48
8,谢佬,5014,6722.42
9,布丁水果挞,3255,6710.41
10,我需要支援,1713,6587.77
11,NavyTahn,2788,6547.73
12,咩咩咩,584,6410.92
13,(1),9870,3121.12
14,.,5757,2119.38
15,Deathman,13979,2007.44
16,NovaShock,24716,1923.41
17,TyшkaNчuk,26575,1911.63
18,Esckiller,24172,1801.68
19,Starkiller,27948,1790.3
20,Misse,6093,1684.76
21,Colo-Colo,27483,1643.11
22,Freezestyler,27360,1636.52
23,tinky,11598,1635.6
24,<BµmM>,23700,1632.53
25,Graves,21146,1584.26
26,Grk0ne,26797,1563.18
27,HaHAxD*,27020,1461.66
28,Skeith,10947,1390.54
29,Cola Dose,10473,1366.33
30,Cor,27998,1365.17
31,Igrekyll,2887,1364.03
32,Xploit,18123,1321.04
33,Neko,9084,1306.65
34,Konsti,20567,1291.72
35,Broken,7142,1285.32
36,顾慌,15018,1257.84
37,Cendren,23580,1239.11
38,Aoe,27529,1228.08
39,[D] Igrekyll,240,1213.12
40,MisseD,308,1207.89
41,Skaydox,19924,1194.06
42,Songoku,7715,1182.11
43,φι,5909,1178.89
44,Beiroc,18489,1175.28
45,ЗЛЫДЕНЬ,5013,1171.02
46,wink,12318,1167.09
47,Infern@L,24536,1165.06
48,.:Danytto:.,24856,1164.02
49,Intercity,10824,1159.63
50,Kill4FuN,11118,1157.58
51,满月,13213,1156.68
52,Goran,22223,1156.42
53,Noctua,23285,1145.71
54,Emp,5543,1136.55
55,MPA3b,21029,1134.87
56,杨帆,10427,1134.22
57,Eki,13386,1133.5
58,Xi,20852,1131.23
59,Keiss,10633,1129.83
60,Abel Moolman,16127,1128.6
61,幻想,13337,1123.22
62,Keun,18744,1115.33
63,Cazanna,16123,1106.09
64,:),12407,1105.23
65,d3fault,11388,1100.43
66,Carrey,8735,1097.02
67,sorgaxD,17924,1093.54
68,Kicker,20203,1091.39
69,KuNao,18841,1089.75
70,fikmesån,10077,1081.84
71,Quote,16267,1074.79
72,┇»MiM«┇,15499,1072.3
73,ano :3,26307,1071.85
74,murpi,15619,1069.04
75,Tarzan,16578,1065.87
76,(1)nameless tee,2793,1051.18
77,senseye3,5504,1048.51
78,qed,21622,1045.97
79,zattttt,10729,1038.01
80,黑化窜天猴,9186,1033.57
81,reVar,7174,1030.76
82,David*°Villa,14263,1026.43
83,Theon,17100,1022.58
84,ZimE,19394,1018.8
85,QB貓,5538,1012.73
86,danylr,6565,1012.03
87,zelda.,15059,1011.34
88,I.K.U,25130,1009.76
89,triki,21468,1009.27
90,Negativ,8399,1007.34
91,Green,5560,1007.27
92,Nurxil,13747,1004.14
93,superdial,22136,1002.39
94,被强煎的蛋,12135,1000.47
95,Jakral,10376,999.89
96,AvapiX,18354,999.3
97,The real LOL,13315,995.12
98,Marii,13841,993.88
99,Hindu,13960,992.71
100,Espancador,5941,989.93
101,Obst,12889,973.79
102,B.i.G,5432,972.07
103,---------,15316,965.99
104,Exotix,18513,964.32
105,Akari,15148,963.18
106,Black Jack,21015,960.25
107,Knuski,21694,954.31
108,歪比巴卜,12879,951.19
109,maoni,11569,949.96
110,LuckyStrike,16292,947.15
111,猫,9575,942.16
112,Alasia <3,7122,940.44
113,'faceless,17467,939.9
114,我就蹭蹭,9158,939.84
115,Счастье,11058,933.99
116,暖阳,8524,933.37
117,Lumpy ◐ω◑,11749,932.25
118,青迎月,8379,930.82
119,NeXus,14838,930.28
120,anita,12064,929.66
121,less,10005,929.6
122,zff,10198,926.77
123,Tropo,19554,925.37
124,gB. | Kayumi,18303,919.97
125,Shiriusu,11054,917.54
126,1,5134,917.45
127,Chairn,17708,915.94
128,JDBCExample,11895,914.53
129,Delirio,13241,913.47
130,Sweeeeet GM :>,8400,908.33
131,ScReeNy,21782,908.17
132,Mystery?,19006,906.73
133,tela,11653,903.95
134,Aria,6902,902.0
135,|JB*|Golden Axe,14509,896.76
136,SiuFu,13846,896.18
137,Loc Adc,6913,894.9
138,LLFS,8530,888.86
139,Wombat,19141,888.68
140,Coke,7751,885.66
141,Matrix,17191,884.78
142,=Schulzer=,20261,884.29
143,ad,12459,875.4
144,mememe,12627,872.6
145,Slayer,15908,872.56
146,peachyx,9847,871.57
147,Qu!ck,8105,870.87
148,(1)brainless te,2069,865.67
149,绝对白给,11267,865.13
150,*|Loading*,13464,864.91
151,milk,19184,864.36
152,Lady Saavik,11136,860.75
153,Rentom12,13544,858.56
154,L,5565,858.25
155,Cireme,22635,858.01
156,Wei_Wei,4813,857.39
157,Fox,12779,856.84
158,lock,10826,853.62
159,Keffz,15609,850.52
160,Iaan~|,14888,846.25
161,Sir Skeleton,11340,845.0
162,开心,3084,844.86
163,Tezcan,13805,844.73
164,fish,5813,844.51
165,快乐的萌新,5153,841.16
166,RockerMan,6958,839.75
167,天然二,7447,838.28
168,Smurfer,14588,838.11
169,Elit3N0ob,15323,835.77
170,黑,7464,834.48
171,猫猫,11358,833.8
172,WhiteBULL,11479,833.25
173,PeX,12499,832.23
174,Kasia,8775,829.19
175,Moiman,10827,821.82
176,R41NB0W,11180,821.51
177,nathanj,7209,820.0
178,Dust fall,7074,819.69
179,Armin v Buuren,12264,815.77
180,Lagar,9556,814.05
181,小白,1586,813.91
182,Brezzel,14859,813.48
183,Tea,18056,812.64
184,Gurky,15513,810.45
185,Yashicat,5557,809.62
186,OsheOse,7818,809.46
187,及时行乐,6931,808.67
188,Cyclic~,19584,807.86
189,cgg,6611,806.09
190,PlantKnight,15853,804.64
191,Pepsicola_o0,17201,803.62
192,躺好鸭,6746,801.64
193,Kaama,8177,801.44
194,~0,6278,798.89
195,By,7763,798.44
196,BaconDrink,24151,797.96
197,玉米,7386,797.56
198,Fegus,11753,795.58
199,lufu1,20367,791.28
200,<#><#><#><#><#>,12245,790.14
201,󠀡,5405,790.06
202,玉子,9247,787.33
203,我要做勾神,5235,786.33
204,Large,12064,785.08
205,Pepe,10803,784.51
206,FUMOFFU,20564,784.33
207,Shawn.,15182,783.53
208,krümelmonster,11772,782.69
209,美夢,3746,782.67
210,Doc带你飞,6864,782.11
211,Eng,7167,781.89
212,Jimmy Jazz,14783,780.86
213,Night_L,15541,780.79
214,Zhady,15000,780.58
215,坎R坷,5704,779.24
216,dragon,13251,779.14
217,Bolox,9849,776.07
218,Mariac,8873,775.67
219,猪队友,6177,775.42
220,[Antee-Virus],12834,774.17
221,Ac1dBeef,3250,769.72
222,Kessყ,4034,769.69
223,stompie,8913,766.19
224,Fěng,6503,765.68
225,Dr. Jekyll,8508,762.7
226,Mike Litoris,14655,761.57
227,Joker,7669,761.12
228,Gloomy,9359,758.98
229,eujax,6361,758.38
230,CheekepoO,6193,756.75
231,rqza,17612,756.73
232,XxDarkNezZ,15376,755.49
233,K u B u,5786,754.34
234,iParano,15373,753.68
235,☯Mڶɴ3☯,16263,752.84
236,^b[Bro] flummi,16766,752.72
237,electrohock777,8828,750.23
238,쩡어링,1649,750.09
239,Teeson,14033,749.88
240,Hydra,13145,749.79
241,Miausuke,8839,749.43
242,123dd,8791,748.69
243,Flanely,7464,746.34
244,KlexMikrowelle,14572,742.63
245,Dan_cao,7343,741.54
246,Yota.,14709,741.2
247,Rorro,7395,740.6
248,Pastoer,7525,740.43
249,FeaRZ,8842,737.99
250,feiyue,4332,737.78
251,七,4494,737.64
252,Du4b,13232,736.74
253,Welf,9356,735.79
254,若非她,7697,735.64
255,QzBoY,18229,735.35
256,Areum,6717,733.94
257,救援-萌新,7719,733.38
258,Mafer,6208,733.1
259,18m/s,8132,729.95
260,ReD,10208,729.41
261,KickerUebok,272,723.56
262,thekid36,3481,722.72
263,qwerty,7963,721.43
264,Juicy,3666,721.0
265,simple,11362,719.18
266,Bennji,8696,718.23
267,风子,5547,717.56
268,jao,11467,716.56
269,可鲁克吖,5997,715.05
270,Ryu,15469,714.49
271,daverck,3376,713.62
272,coradax,17869,712.18
273,|Ŗaþŧurę|,15632,710.8
274,Hakuna Matata,4744,710.02
275,Bijumiro,5676,709.82
276,umbrella,9049,708.35
277,Inner peace,15782,708.33
278,上头,4586,708.17
279,Patiga,10452,705.69
280,J̷ɛe̷a̷nd,7677,705.45
281,Radoo-'SaT,10221,702.24
282,白墨,7674,701.53
283,CrashtimeHD,6806,699.95
284,Cerberus,13806,698.16
285,tortilladmaiz,5138,698.09
286,JabberWock,4788,697.66
287,iF' N!ce,7649,697.46
288,DaGiese :>,20978,696.88
289,SileNt ▪,4064,696.51
290,Zwelf,13150,695.85
291,ByEdGaR,8573,695.81
292,XX,7050,695.72
293,美味,7819,694.7
294,cris,7977,694.09
295,Phoenix,11752,693.76
296,Ske,19021,691.67
297,jypp,3344,690.76
298,Shiro01,10026,690.49
299,umi,5361,690.08
300,Mewie,5433,688.06
301,MSTAR,12426,687.25
302,smile,7099,686.9
303,Sir Kruksic,16079,686.67
304,Chyste,14479,685.97
305,Cristall,5406,685.85
306,LanuX,17425,685.09
307,c[]okie m[]nsta,11236,685.0
308,Dum,5807,684.87
309,Dherian!,10173,683.34
310,Meraҝi,12072,683.28
311,轻音乐,5821,679.12
312,Nejik :3,12627,678.68
313,GlobQ,14576,678.68
314,yo bitch,14339,677.97
315,是清明呀,5674,677.01
316,Đϻτεε,8534,676.28
317,I See You,15658,675.5
318,Blurry,19734,675.1
319,NightMarsmellow,13053,673.75
320,PitausK,6048,673.43
321,DZO,10764,673.33
322,yaoyy,5670,672.8
323,LCSG47,17750,672.58
324,Crytek,12179,669.6
325,猫猫人,6368,669.4
326,Gloriousitirity,7055,669.22
327,ghg,13881,667.41
328,moonan,6765,667.36
329,Inaccuracy,4492,667.16
330,PUPPY,2371,666.08
331,Takito,3943,664.75
332,Genex,17568,664.02
333,하우마,3078,663.99
334,Not Spawn,4822,663.9
335,N@Ni,4041,663.55
336,Athylas,4481,663.01
337,Mrs Depression,2523,662.75
338,hannibal,9238,662.35
339,十八,6386,660.99
340,Yuzu,9591,659.82
341,javi,9182,659.39
342,见谁坑谁,5188,658.89
343,Hu.,8451,658.35
344,Nexarius,7646,657.0
345,Deeper,12288,656.53
346,bol'shaya hyina,13270,655.93
347,Fluday,18871,654.71
348,leayoue.,7656,652.75
349,Pauline,13092,652.73
350,PAWA_Master_X,6152,651.4
351,Teach Me,7196,651.01
352,_XIAOXIAO_,8803,650.28
353,Pfandflasche,9900,649.69
354,Brokecdx-,14987,649.25
355,sodayo,2595,648.48
356,Bluevy,2242,648.46
357,hussainx3,8650,647.76
358,DiegoBlaster21,12478,647.51
359,冷風a,8120,647.51
360,Doid,8261,647.08
361,☠Arcŧurus☠,2782,646.85
362,HEI.SAMA,3708,646.56
363,xx,917,646.56
364,Wondernoob,15266,646.17
365,Diiego:3,9970,646.0
366,TeeWurst Neon,11915,645.86
367,Wollwolke,5668,645.81
368,Forris,16911,645.61
369,watёr,9201,644.34
370,[Wu]*GzA,17846,644.07
371,LiiThO,4851,642.87
372,公仔,5355,642.42
373,Sя.ÐǾĠ€,7842,641.37
374,garry,10523,640.61
375,BisZ,11980,639.52
376,Fraanco,7890,638.64
377,YB,4136,638.54
378,34861,1718,637.7
379,☆八云紫☆,5600,637.26
380,萌新,754,636.41
381,小涵,6190,636.26
382,一城之诗。,5815,636.09
383,直叶,4811,634.93
384,pantless tee,4010,634.45
385,ZiKkie,11917,634.43
386,kill the tee,8914,632.31
387,R!ZH@S^^,6614,631.83
388,.lililil,7429,630.36
389,小喵喵,4503,630.29
390,Tee,3905,629.61
391,Z[a]X,9607,629.47
392,Pth.s,6045,627.79
393,Shinoa :3,8233,626.87
394,shoxX,13244,626.56
395,救救我,1129,626.52
396,Oarsman,4028,626.5
397,伦敦,3586,625.83
398,daladen,11504,624.81
399,Sunshine,9907,624.07
400,me 2,7239,623.24
401,@string/name,6869,623.01
402,-nOobfighter-,12629,622.44
403,⚡-єxoтi¢,5666,622.35
404,marzzzello,7719,621.73
405,卅白,5064,620.46
406,DoubleDipp,11395,620.44
407,Avo,8759,620.3
408,卡那那,2386,620.26
409,DongRin,3937,620.26
410,Ama,12376,618.75
411,bit,7056,618.39
412,it robertusg,10367,617.74
413,White-King,12240,617.44
414,Limbo,15949,617.07
415,Nightcall,7677,616.77
416,f8702111,5029,616.42
417,Cherry,10826,616.29
418,darkfeather,6057,616.1
419,Shrekich,11410,616.01
420,AlphaKennyBody,6056,614.8
421,-=SNZDuMoHRUS=-,2203,613.26
422,Cadi,9878,612.64
423,©ßøæø®,12548,612.43
424,Jojo,10793,612.34
425,15,10172,611.88
426,Van Flyheight,9551,610.93
427,T,2527,610.77
428,Ra!n,12326,610.75
429,原萃,3048,609.67
430,Her0,12623,608.35
431,Sαnti~,13421,607.97
432,HalfN00b,12683,607.89
433,King,8369,607.69
434,孤岛,4495,607.31
435,CHEN,1524,607.03
436,Beard,10397,606.06
437,StarkillerJr.<3,15520,606.01
438,大块,6717,605.85
439,Hunter13ua,10113,605.64
440,holic,6967,604.76
441,Axel,5658,604.57
442,UnCool Me,7344,604.48
443,♥|Duca,4236,604.3
444,Petyr,3785,603.03
445,Dummy,3854,602.96
446,Tina,3145,602.9
447,Rakudai,11047,602.68
448,Nico,4655,602.67
449,noob,3358,602.53
450,FiL,12710,602.16
451,Oldnescius,6557,602.1
452,Mr. Hyde,8338,601.98
453,gs,3950,601.55
454,diamantium,6670,601.45
455,Travis,4792,600.29
456,BLACK-D,5997,600.06
457,AIIERE,1776,598.85
458,[CSGS]Runescape,3848,598.44
459,Donger,14276,597.68
460,Rui,5180,597.19
461,Hidden-Ezio,11098,595.85
462,RavQ,5440,595.75
463,-Mage-,13431,595.59
464,BANaninhaMarela,4991,595.54
465,Arrow,9081,594.79
466,AssasinMaster,8318,594.78
467,Cerry,1810,594.65
468,M Emile,10312,594.58
469,B'RexterPL,10052,594.5
470,ShenFRusH,8654,594.25
471,lNobody22l,9323,594.19
472,*~Rôny~*,14095,594.05
473,White Shark,3107,593.82
474,new boy,5792,593.71
475,RageBaby,10575,592.86
476,fla_flou,2871,592.79
477,Zephir,6527,592.07
478,Zzayyy,4710,591.35
479,윰도,3287,590.99
480,白给,2363,590.4
481,哦还好,5604,590.3
482,Over,6038,589.27
483,«Èni®õ§|*>,11637,589.01
484,烟雨,1165,588.89
485,娃哈哈,4509,588.66
486,Greenman,9449,588.37
487,NISO,14153,587.86
488,FunCat,8943,587.17
489,小木呆,3115,586.88
490,Shisui.,9636,586.86
491,Fengriz,3852,586.65
492,SBL,7597,585.56
493,Amu~Cookie,10944,585.4
494,Mr.E}|{UK,14268,585.36
495,乌鸦坐飞机,6975,585.33
496,chiliking,5367,584.96
497,lalaq,3580,584.9
498,Liverpool,7277,584.49
499,Banger,5563,584.4
500,.pet,6918,584.23
501,dfceaef,1664,583.54
502,Lexin,13379,582.71
503,tatak,13112,582.41
504,JsxfT,6937,582.37
505,Jarexxx,1633,581.89
506,superob96,9305,581.79
507,950,9485,581.43
508,Meow~,17962,581.41
509,Smetanolub,18857,581.05
510,mydak,3369,581.0
511,Nick Joy,3500,580.93
512,لارقام✈,10140,580.91
513,Antoki,5244,580.71
514,caritouwu,6899,580.59
515,Zyt,3406,580.45
516,тυx,13143,580.31
517,eXirus,5254,579.91
518,Kandiifloss,13261,579.57
519,自行车,5332,579.44
520,NANAMAR,13436,579.0
521,Gigabyte,12990,578.55
522,Likyta,5954,577.02
523,Nidalee,6584,576.51
524,asdf,3367,576.09
525,一飞,5209,574.94
526,Toffee,6778,574.93
527,lll,5443,574.83
528,Bre3kAcHu,11555,574.05
529,Skizhu,5316,574.01
530,Evgesha,13477,573.55
531,LeRa,9686,573.22
532,yewon,4212,573.12
533,大py子,3683,572.23
534,Kuchen,7926,571.91
535,unstable,4046,571.37
536,PARKCHANYEOL,3182,570.63
537,晨晨,5183,570.55
538,Gooran,10936,570.43
539,Alice30,6482,570.32
540,om,690,570.3
541,Neben,10283,570.17
542,沐晨：,6090,570.04
543,coentro,3403,568.11
544,바둑,4900,567.97
545,Julia :3,9966,567.57
546,nothing,8411,567.56
547,Rone_,4700,567.32
548,Luke,6070,567.21
549,YaaOmo,9619,566.38
550,Jesus Christ,11412,566.06
551,电竞爱婴诗,4756,565.8
552,知念实也,4299,565.63
553,Neizvestniy,7595,565.6
554,Garoven,5529,565.53
555,The28AWG,5601,564.74
556,xiaocan,6844,564.43
557,6uHo3aBp,4123,564.38
558,:0,8795,564.32
559,Dám7,4880,563.76
560,神乐七奈,3234,561.75
561,A,3081,561.58
562,xXxTee',10050,560.72
563,yxy,4841,560.42
564,Kirby,3320,560.11
565,Havits,4561,560.03
566,海角不,2714,559.78
567,ggSimba,6846,559.7
568,芜湖,3008,559.55
569,xuxu,4142,559.23
570,OLEG,536,559.18
571,crossterTW,3616,558.36
572,Reed,10582,558.32
573,@QW@,1508,557.89
574,Blue,7093,557.87
575,Issi,9474,557.73
576,Skylink,7314,556.0
577,멤밍,4583,555.73
578,deen,3734,555.7
579,Zuko,14007,555.47
580,來湊數的,3157,555.43
581,Nugget,7482,555.07
582,russsell,5115,554.52
583,Skrill,9349,554.52
584,BRAIT,10073,553.78
585,Sté,4748,553.61
586,小馒头,5881,552.81
587,UMR,5693,552.65
588,Hanto,3738,551.44
589,KAAS,4281,551.02
590,RavenXXX,12953,550.52
591,SP | Someone,9997,550.45
592,Eratyck,4607,550.39
593,3we,1879,549.61
594,Tatsurou,3569,549.1
595,Seven,2389,549.05
596,General Shakes!,3908,548.86
597,=645654=,9535,548.7
598,拾年拾忆,4126,548.14
599,叶子,4746,548.02
600,Shocker,11789,547.58
601,SkiLLz,7373,547.07
602,天才少女,2864,547.03
603,JOYSOYUM,5212,546.75
604,Salyhta,4481,546.11
605,q(-_-)p,7447,545.37
606,x.RaveN',10358,544.98
607,黎若雨,6036,544.84
608,Zweitleben,8764,543.85
609,francisca*-*,5844,542.99
610,魔法大蛞蝓,2243,542.94
611,waane,3846,542.93
612,123,2269,542.75
613,is red,4323,542.73
614,Rathonzita,5090,542.61
615,菠萝大大,5237,541.8
616,SPΞCTRUM,11757,541.76
617,corneum,11928,540.95
618,元帅,5653,540.28
619,BarbieQ234,3737,539.89
620,Barryccck,2375,539.46
621,Fatboii12,2136,539.43
622,活着,3717,538.64
623,Cong Rong,4571,538.25
624,TapokPeacemaker,3847,538.2
625,Gazebr,7530,537.98
626,得不到,4174,537.68
627,OverturnedOnion,6185,537.57
628,梓潼耶,5277,537.43
629,Tio Walky,2904,535.51
630,MØtiv,14285,535.39
631,iZH4R,6509,534.76
632,Pilotaraflo_,8312,534.43
633,QAQ,2015,534.22
634,vvaka=*,5740,534.1
635,»Norbi«,9806,532.47
636,miamia,5557,532.28
637,鱼,2685,532.07
638,五更琉璃,5585,531.48
639,StorмPʜöɴix,10377,531.4
640,比二念着倒,4806,530.89
641,婧婧,3747,530.47
642,2.0|Knuckle :3,4591,529.88
643,dummy,4659,529.81
644,Light,3394,529.7
645,k1r1ha,5275,529.66
646,任然,4871,529.47
647,Luxury,7815,528.63
648,!!!,4412,528.49
649,Hav,8739,527.75
650,one shadow,4624,527.39
651,SH[]CK,5826,526.82
652,Carl,6041,526.29
653,依否,4148,525.84
654,3369,5191,525.51
655,Trâzk,8042,525.2
656,vento123,28,525.07
657,valeROM,8765,524.55
658,diejob,5084,524.43
659,SvechAS,6321,524.37
660,虾仁猪心,3935,524.05
661,15867945,2204,524.04
662,Elsa Cowea,11340,523.58
663,水星星,3565,523.29
664,Ark :3,10496,523.21
665,Apchih,7444,522.98
666,Saki`,9907,522.87
667,Gorden,16495,522.26
668,88,2808,522.15
669,柒,3411,522.13
670,Ayame,10772,521.78
671,晴天,6456,521.74
672,PenCi1,3603,521.68
673,Jawsh,13200,521.45
674,Jonaà,8480,521.29
675,3oTo,11007,519.76
676,忙时,4092,519.15
677,72,6170,518.28
678,lis,4318,518.12
679,-Twist°~,10323,517.41
680,Robot?,6363,517.34
681,Chris ❆,3827,517.21
682,Mazen,3700,516.93
683,TeeLee,10230,516.49
684,cB|henki,8745,516.44
685,ChillerDragon,5479,515.71
686,明月yyds,4390,515.26
687,大聪明,2090,514.85
688,Skadi,10148,513.65
689,Ark,4126,513.53
690,lan,3425,513.12
691,ZameR,7755,512.22
692,Chirua,7454,512.08
693,Bertl,1472,512.03
694,Skyrx,13200,511.58
695,刀刀,5060,511.54
696,ÑE,8196,511.29
697,kyokaiwei,3434,511.14
698,nooby,3196,510.83
699,GlennP90,4639,510.74
700,AM|Notorious✔,7091,509.57
701,SmokeR,5477,509.31
702,刘亦菲,2614,508.16
703,aMu,7085,508.01
704,Profi,12376,507.99
705,小柒,4341,507.28
706,=phacrum=,8833,506.85
707,Hake,11313,506.69
708,⚡-ӃR١✗✗,9761,506.57
709,Faymir,3721,505.86
710,當歸,2517,505.84
711,Pish4,7269,505.73
712,Мамбо,13299,505.65
713,Bearcat,7226,505.26
714,(2),2559,505.11
715,緋月,3670,504.86
716,豆腐打怪兽,2705,504.46
717,Anqel,6559,504.35
718,阿甘,2387,504.29
719,Filis,12299,503.84
720,Zasa,9511,503.65
721,Pedro,5233,503.1
722,stellar12,2751,502.83
723,Arzatar,5943,501.78
724,Cartman,8304,501.57
725,Skindred,6464,501.51
726,...,2597,501.49
727,PaHDeRa,11573,501.37
728,志村妙,2823,501.25
729,n000b,5899,500.83
730,Hesse,13051,500.5
731,texnonik,7995,500.38
732,trolol,4249,500.31
733,Uiz,1933,500.24
734,呆呆带带,4548,500.17
735,与有荣焉,3829,499.96
736,TeRaTeX,8658,499.88
737,清欢渡,4935,499.49
738,shiangy,3888,499.07
739,Tom,2093,499.05
740,Fourvride,8282,498.85
741,Fexa,8931,498.56
742,Atomic,9558,498.05
743,yxZero,4259,497.8
744,Kati,11088,497.76
745,葫芦兄弟,3891,497.5
746,staylo,7029,497.42
747,Chad,7154,497.27
748,Wiplash,6318,497.17
749,搁浅,4782,496.64
750,The Real Nami,8281,495.99
751,Vycik,9412,495.85
752,Broniya,6686,495.37
753,Fumm,6930,495.12
754,snailx3,8129,495.09
755,Majestic Fluff,4321,494.97
756,过河小兵,2044,494.96
757,natchies,10606,494.55
758,Super,11026,493.86
759,Fireball,8765,493.85
760,AY,3500,493.38
761,rhino,11491,493.38
762,十七岁八云,4002,492.39
763,ulit-ulit,4673,492.36
764,NYZE,9278,491.97
765,Mery ♥,3114,491.75
766,PinkiePie,4166,491.12
767,nether,8982,491.06
768,Deril,4635,489.1
769,AbyssY,9379,488.92
770,Rr,4116,488.32
771,魔鬼帝国,1744,488.28
772,ghrn,4913,488.02
773,TetsuoFujiwara,3195,487.92
774,Matrose l_I,6355,487.59
775,DAgz,7573,487.45
776,AspHyXiA,10602,487.19
777,Yek,9632,487.15
778,bindi,8305,487.06
779,Togepi,6185,486.67
780,Snark,4657,486.58
781,ΌℬitO➏34,7383,486.32
782,íᶮϠi,9549,486.0
783,yishun,12130,485.83
784,itsnoKonsti,7485,485.79
785,鹿麋,4014,485.27
786,Vendetta,8889,485.21
787,Charlie➶,7271,484.95
788,painn,6162,484.64
789,VéNa,12506,484.3
790,MrAppendixX,5378,484.04
791,cheney138,3790,483.91
792,Gambol,7353,483.91
793,another,4660,483.72
794,Lier.,5561,483.44
795,Kandia,7273,483.35
796,Rance,3696,482.77
797,ItachiEA,7684,482.75
798,Mr Zhai,2187,482.6
799,[D] SileNt ▪,3685,482.59
800,02cguner,3273,482.41
801,Avasus,9839,482.38
802,ddnet player,2576,481.99
803,mo,5357,481.66
804,花宇回,3520,481.61
805,伊清巰,3746,481.58
806,lx07:3,7639,481.19
807,~Sr.Trululu~,8669,480.7
808,Intlige_K@1997,4758,480.48
809,CrazyDuck,2514,480.21
810,c0d3d3v,5426,480.07
811,Polector,7974,479.94
812,Hieloo,6192,479.79
813,GreenDragons,5373,479.65
814,Sama,12427,479.3
815,maggi323,12447,478.92
816,Kenny,2036,478.9
817,Novo c:,10375,478.43
818,clefairy',12045,478.23
819,Qywinc,10085,478.14
820,Luna,6980,478.0
821,nobybiggesttrol,4,477.74
822,der_klang,9176,477.67
823,空城,4830,477.63
824,BannZay,5259,477.54
825,noi2coco,3601,477.1
826,Cloudly,7383,477.1
827,Y,2532,476.6
828,tutu,2349,476.6
829,靓女❤,3905,476.03
830,xiyi,2749,475.87
831,阿链,2915,475.77
832,嘤嘤嘤,1882,474.75
833,ASsassin,5469,473.93
834,鲜血配色,5752,473.59
835,TchCaro,3739,473.36
836,阿巴阿巴,790,472.99
837,rockuS,11407,472.8
838,anonymous,7529,472.54
839,来根华子,3635,472.48
840,喔齁,2324,472.34
841,臭之屎,1649,472.22
842,mid,7482,472.2
843,handi,6844,471.88
844,Poltix,11387,471.82
845,Łaszczu,5125,471.58
846,의리,4097,470.68
847,͡° ͜ʖ ͡°,8310,470.45
848,GOO,5993,470.16
849,lara,3089,470.1
850,Landmine地雷,3954,469.92
851,Welshi,3872,469.9
852,檐下三寸雪,4310,469.63
853,bai,4795,469.6
854,darky,11086,469.39
855,hi_leute_gll,8723,468.55
856,YeizouTheTurtle,3904,468.37
857,AFFI,4117,467.74
858,a10033517,2332,467.69
859,Kai'Sa,3952,467.48
860,NPWilde,4275,467.46
861,别惹我,4616,467.41
862,CraCk,4528,467.35
863,Doinks,685,467.14
864,asu,5166,466.94
865,CoBa,6271,466.93
866,kenzo,11388,466.78
867,阿正,2570,466.75
868,..,1285,466.53
869,esketit,5579,466.43
870,venoM,10524,466.24
871,Joker.♥,12033,466.01
872,救我一命,2605,465.8
873,Sorah,7200,465.73
874,XZMF,4057,465.43
875,Artich,4534,465.31
876,KRN,3696,464.83
877,Angell,6375,464.81
878,jette,4524,464.76
879,Fizz mid,5940,464.42
880,TeeFreZZ7Tee,7229,463.47
881,nuborn,5010,463.43
882,>(^.^)>#,3043,463.4
883,Meliodafu,12036,463.11
884,Bug,11486,463.01
885,clementine,2882,462.65
886,小黑,1088,461.97
887,Trap,7640,461.44
888,Albano,8240,461.36
889,eStylez,2835,461.34
890,Scaar,4664,461.22
891,CrystalOnix,6651,460.13
892,Fimp,11227,459.78
893,不是雨苗,3013,459.72
894,iris,2763,459.46
895,|M| Hugo,6591,458.97
896,٭ıƞdex'<3,8322,458.94
897,noler oj,7699,458.69
898,sarelemele,9214,458.62
899,青い,4022,458.38
900,魯哈哈,3935,457.83
901,兔,3209,457.68
902,是餅乾喔,4547,457.59
903,驰哥爱小猪,3697,457.12
904,Angelofsicness,871,456.75
905,Cougar~,12269,456.1
906,Pinou,3505,455.98
907,牧瑜魂,2318,455.94
908,VVVV,3022,455.94
909,shocK,2341,455.48
910,千洛丶,2607,455.22
911,gura shark,3899,455.08
912,Shadou,8721,454.31
913,这里时陌鸭,2805,454.23
914,TuTioGabo,3485,454.14
915,xoxo,5491,453.8
916,Ganjah,6971,453.76
917,ALPHA,10582,453.6
918,fox,5757,453.55
919,wms712,3426,453.22
920,S0PRAN0,6227,453.15
921,cfyx,3498,453.15
922,Sahra,2387,453.09
923,Zaracher,7465,452.98
924,BAKAER,3777,452.94
925,三笠,3438,452.79
926,Spooky,11532,452.71
927,Pistro,7846,452.51
928,☆.Sυsнι♪,11241,452.32
929,Ѡєєzϻє,7730,451.71
930,hZedres,7377,451.52
931,Sad*Boy,8820,451.32
932,By^Kuroko,5663,451.28
933,Scrumplex,4504,451.24
934,sMo0g,7798,451.2
935,CyborgSmurf,2687,451.06
936,Pwner,10820,450.96
937,TLF,2337,450.42
938,Thurzin,6905,450.17
939,Gin,6088,450.14
940,OnePiece,6903,450.11
941,Schlappen,2307,450.08
942,snowmaster,1695,449.78
943,草绿舔舔狗,3572,449.45
944,Greeen,6430,449.44
945,tee,1842,449.41
946,无疑,2794,449.01
947,wrnnn,4041,448.88
948,The Direwolf,9136,448.68
949,superZ,2863,448.64
950,ALXE,3619,448.59
951,Abby意颖,1958,448.4
952,H,3578,448.17
953,Feyre,4226,447.28
954,Eyex,7077,446.84
955,MingYue,6505,445.9
956,サスカ,3957,445.86
957,snowwy,3598,445.83
958,dmd,1941,445.77
959,阿北初四了,2363,445.6
960,Shouganai,4099,445.59
961,Fasterbru,4692,445.39
962,Damocles,8391,445.07
963,z22215645,3203,444.72
964,secreT,6349,444.72
965,Baby Groot,7776,444.56
966,NRG,5527,444.17
967,Broei,8787,444.07
968,踢,4762,443.97
969,VL100,7667,443.9
970,Keyowah,7229,443.88
971,Sui :3,8459,443.85
972,Zukita,4581,443.78
973,Jim-panse,11159,443.77
974,卡娜娜,1614,443.58
975,oBc.Laki,4628,443.39
976,pipefox,4356,442.32
977,奶茶没奶,1924,442.03
978,Haraknos,6094,442.02
979,Tavo,3287,441.88
980,欢欢,2273,441.54
981,益达,3026,441.54
982,Flaca,3872,441.3
983,MuTzEl,3228,440.84
984,xXìcéXx,3770,440.78
985,Victory,1618,440.68
986,Kono Dukemon da,1774,440.28
987,asa,3239,440.14
988,Timstar08,2152,439.57
989,Novice小慕情,5095,439.45
990,Plowpowa,7515,439.36
991,违法昵称,2886,439.34
992,Leonidas,4512,438.68
993,Grizzly,7166,438.4
994,Twixco,4740,438.3
995,Zodiac星宫,3490,438.29
996,Irishidiot,7290,438.05
997,Venoso,5232,438.0
998,Moni,6151,437.85
999,YK,8834,437.29
1000,qwq,805,436.88
